title,release,rating,genre
Serious inside else memory if six.,2005-01-25,3,scifi
Group through despite cause cause believe son.,1994-03-22,1,romance
Better available sure form nice.,1971-08-07,4,scifi
First policy daughter need kind miss.,1989-10-15,0,comedy
Trouble behavior style report size personal partner.,2005-11-08,3,scifi
Room region as true develop.,1989-07-28,0,romance
Language ball floor meet usually board necessary.,1997-11-14,4,comedy
Four two data son natural explain before.,1968-12-04,4,documentary
Offer face country cost party prevent.,1993-11-02,4,documentary
Bed serious theory type.,1984-12-07,2,comedy
Raise study modern miss dog Democrat quickly.,2001-07-18,1,documentary
Every manage political record word group food break.,1969-07-03,2,scifi
Drug rule bring determine some.,1967-09-11,2,scifi
Staff beyond chair recently and off.,2011-05-15,1,comedy
Buy country store.,1979-09-21,1,comedy
Before street break painting create wife.,1991-04-30,0,comedy
Decision song view age international big employee.,2008-02-25,3,romance
Positive go Congress mean.,1993-08-12,4,comedy
Beyond write current grow rule stuff truth college.,1994-11-13,0,romance
Small citizen class morning.,1977-04-30,4,comedy
Tv program actually race tonight themselves true power.,1999-04-12,0,documentary
Check real leader bad school.,1983-01-22,2,scifi
Drive well good explain.,1974-07-06,0,scifi
Water plant perform resource hold increase practice ability.,2009-09-29,0,romance
Civil development large report purpose themselves.,2011-02-16,4,comedy
The nothing sign remember close ask.,1979-03-09,0,romance
Month maintain no sense this manager fine.,1982-10-02,2,documentary
Speak themselves speech.,2006-09-13,0,romance
Yourself plan base rise would I question.,1966-04-06,3,scifi
Degree response able.,2008-08-19,1,comedy
Budget power them evidence without.,1984-05-15,0,comedy
Take however ball ever laugh society technology.,1975-09-16,4,romance
Stage population boy child surface amount day.,2014-12-26,3,scifi
Fire happen nothing support suffer which parent.,1984-09-28,1,documentary
Policy head Mrs debate onto across character.,2001-03-15,1,scifi
Smile responsibility full per among clearly.,1993-11-25,0,scifi
House nature fall long dream answer.,1995-07-01,3,romance
Rock few structure federal board night loss.,2012-01-28,3,scifi
Buy break marriage also friend reach.,1992-01-07,2,romance
Phone heart window police.,2012-05-18,2,comedy
Cup determine his better.,2003-04-14,4,scifi
Turn small research describe base detail yourself.,1966-05-19,2,romance
Court boy state table agree moment.,2003-12-21,1,romance
Market either political young.,2003-05-16,2,romance
Chair cup her national character writer work chance.,2003-06-29,1,documentary
There many true follow marriage material.,1990-05-07,2,romance
Particular despite future while together stand along.,2006-07-27,0,romance
Owner choose here family relationship.,2011-12-19,2,documentary
Son might trip at.,1974-04-17,2,romance
Feel serve large.,2015-05-24,2,romance
Than leave he him.,1982-12-19,2,comedy
Before some military outside baby interview senior.,2004-11-30,4,scifi
Top individual win suddenly win parent do.,1976-04-04,2,comedy
Scientist few now.,2014-01-20,1,scifi
Management energy stay significant.,1995-06-23,0,documentary
Artist political camera expert stop area.,1976-02-22,1,comedy
Individual man tell response purpose character would.,2005-06-06,0,documentary
Partner hit another.,2013-06-14,4,documentary
After our car food.,2010-07-31,3,scifi
Himself simply make thing particular.,1987-02-14,0,documentary
Place full buy radio perform small camera treatment.,1985-07-23,2,scifi
Million size country site.,1979-03-15,1,documentary
Series lay smile away and various.,1986-07-10,4,documentary
Too war project occur democratic.,2009-08-28,2,comedy
Single recognize information figure box international not type.,1991-07-28,4,comedy
As indeed choose west social issue.,1996-08-05,0,documentary
Market ten foot.,1989-11-14,4,scifi
Good building reality generation.,1994-10-03,0,romance
Store discover hand.,2003-11-15,1,romance
About probably rule too security.,1999-06-13,3,scifi
Ready usually do center law live.,2000-05-19,0,scifi
Agreement decade friend which.,1978-08-28,4,scifi
Player contain year bill ok choose today.,2014-10-16,1,romance
Firm drug senior fact information.,1970-07-08,1,comedy
Over hour reduce car.,1972-03-26,1,scifi
Indicate unit opportunity fear great easy plan.,1997-09-23,3,comedy
Impact individual rock fly daughter fall.,2000-05-19,0,documentary
Wear someone everybody newspaper.,2013-03-10,1,romance
Up control instead company where future model.,2006-10-31,4,scifi
Place beat sense far store last left.,1975-12-11,1,romance
Boy without feeling participant interest.,2004-05-25,1,documentary
Question set discussion seven.,1974-07-02,4,scifi
Worker building this American either moment ok how.,1981-12-27,0,comedy
Government the pull cultural be.,2007-06-17,2,comedy
Figure future morning eat turn.,2004-10-11,1,romance
Increase face mind off.,1981-10-28,3,romance
Black western myself scientist tough everything kind.,2000-02-02,0,romance
But building husband life.,2010-01-20,2,scifi
Place score design major maybe manage.,2000-06-28,4,comedy
Feel seat appear perform agent likely.,1980-02-20,4,comedy
Without rather bank we under house guess.,1966-01-07,2,comedy
About establish policy fall too cell of course.,1986-03-21,4,documentary
Respond himself former possible reach challenge value.,1977-05-21,2,romance
Firm decade cost glass work interview man.,2007-12-29,3,romance
Keep daughter report town almost.,1968-06-15,0,comedy
Hair sea quality do.,1988-05-15,1,scifi
Beautiful than seem sign third in approach recent.,1995-09-17,3,documentary
Lawyer effort little front amount apply glass face.,1975-05-27,2,comedy
As into develop part.,2002-08-08,0,romance
Cover part paper beat five movie throw.,2010-01-31,4,scifi
