ID,Year,Make,Model,Colour,Price
0,2012,Dodge,Avenger,Aqua,41907
1,1996,Chevrolet,Blazer,PaleVioletRed,26476
2,2006,GMC,Sierra 1500 Regular Cab,CadetBlue,3549
3,1996,Nissan,Altima,Khaki,19281
4,2012,Nissan,Altima,White,6036
5,2010,Ford,Expedition,Blue,9008
6,2005,MAZDA,MAZDA6,DeepPink,27324
7,2013,BMW,M6,AntiqueWhite,41556
8,1999,Lexus,GS,IndianRed,27080
9,1997,Plymouth,Neon,DarkSalmon,17722
10,2018,INFINITI,QX30,Tan,39359
11,1997,Audi,A4,RosyBrown,10712
12,2007,Bentley,Arnage,DarkSlateBlue,55605
13,1997,Dodge,Ram Wagon 2500,DeepSkyBlue,50698
14,2018,Hyundai,Santa Fe,Magenta,28170
15,2000,Volvo,S40,Plum,19170
16,2009,Chevrolet,Suburban 1500,LightSkyBlue,45105
17,2007,Saturn,Aura,Navy,29164
18,2007,Saab,05-Sep,Turquoise,33440
19,1997,Lexus,LS,MistyRose,41844
20,2014,Ford,F250 Super Duty Regular Cab,OliveDrab,2931
21,2003,Jaguar,S-Type,Gold,9193
22,1998,Chevrolet,Suburban 2500,OrangeRed,36011
23,2018,Kia,Optima Hybrid,Olive,24065
24,1998,Ford,Mustang,Moccasin,3032
25,2006,Pontiac,Montana SV6,AliceBlue,4348
26,2000,Ford,F350 Super Duty Regular Cab,HotPink,9661
27,1998,Ford,F150 Regular Cab,LightSteelBlue,40432
28,2015,Lexus,LX,GhostWhite,9598
29,2018,Kia,Niro,LightSteelBlue,46481
30,2010,Lexus,HS,AliceBlue,59347
31,2015,FIAT,500c,MediumSpringGreen,21461
32,2018,Chevrolet,Cruze,SlateBlue,54139
33,1994,Cadillac,Seville,MediumSeaGreen,26182
34,2018,GMC,Savana 3500 Cargo,Teal,50573
35,2010,Cadillac,Escalade,Magenta,25580
36,2012,Chevrolet,Express 2500 Passenger,MistyRose,19809
37,2012,Nissan,Maxima,DarkSeaGreen,35450
38,2015,Ford,F150 Regular Cab,Gainsboro,37871
39,1997,Nissan,Maxima,Orange,3795
40,1992,GMC,3500 Regular Cab,LightPink,45904
41,1999,Chrysler,LHS,RoyalBlue,43160
42,2008,Ford,Mustang,Azure,45644
43,1999,Ford,Escort,SteelBlue,25814
44,2018,Honda,Accord,DimGray,21543
45,2001,Ford,F350 Super Duty Super Cab,Gold,51931
46,1998,GMC,Savana 1500 Passenger,BlueViolet,12855
47,2008,Dodge,Ram 2500 Regular Cab,NavajoWhite,19097
48,1995,Porsche,911,Wheat,23854
49,2013,Ram,1500 Regular Cab,DeepPink,7178
50,2010,Mercury,Milan,DarkSeaGreen,57989
51,1992,BMW,7 Series,DodgerBlue,8489
52,2007,Pontiac,G6,DarkRed,6979
53,2012,Ford,F350 Super Duty Regular Cab,Red,16199
54,2007,Kia,Optima,PowderBlue,40352
55,1999,Dodge,Ram Wagon 3500,GoldenRod,13855
56,2005,Chevrolet,Aveo,SandyBrown,36945
57,2009,Ford,E150 Super Duty Passenger,Pink,10075
58,2015,Nissan,Frontier King Cab,LightSalmon,40222
59,2003,Chrysler,Sebring,Cornsilk,56899
60,2009,Chevrolet,Corvette,Cyan,32750
61,2000,MAZDA,MPV,DarkTurquoise,16058
62,1998,Saturn,S-Series,BlueViolet,29026
63,2004,Dodge,Viper,GhostWhite,43303
64,2011,Cadillac,STS,MediumVioletRed,50892
65,1993,Volkswagen,Jetta III,CadetBlue,41592
66,1994,Toyota,Supra,LawnGreen,44919
67,2011,BMW,M3,SpringGreen,29611
68,1995,Hyundai,Sonata,DarkGreen,38760
69,2015,Ram,ProMaster City,Aqua,5528
70,2001,Toyota,Land Cruiser,DarkSalmon,3181
71,2002,MAZDA,B-Series Cab Plus,Tan,33423
72,2000,Chevrolet,Silverado 2500 HD Regular Cab,Silver,23608
73,2012,Buick,Verano,SteelBlue,43801
74,2003,Jaguar,X-Type,CadetBlue,50560
75,2015,Kia,Sportage,MediumAquaMarine,5674
76,2011,Toyota,Venza,LawnGreen,38649
77,2016,Lexus,GX,PaleTurquoise,5084
78,1993,GMC,Suburban 1500,Black,54046
79,2014,Honda,Ridgeline,DarkViolet,50939
80,1999,Mercury,Cougar,Magenta,22585
81,1997,Dodge,Ram Wagon 3500,LightPink,46289
82,2015,Scion,tC,Beige,44404
83,2003,Hyundai,Elantra,FireBrick,40547
84,2009,Porsche,911,Cornsilk,25274
85,2018,Jaguar,XE,Gray,48338
86,2011,Nissan,Xterra,Gold,43013
87,2003,Toyota,Celica,MediumSpringGreen,13992
88,2008,Dodge,Sprinter 2500 Cargo,DarkBlue,58051
89,1997,Chevrolet,2500 HD Extended Cab,PaleVioletRed,23759
90,2017,Mercedes-Benz,Sprinter 2500 Cargo,DarkOrange,3018
91,2019,Nissan,Frontier Crew Cab,DarkKhaki,56037
92,1997,Ford,F250 Regular Cab,Gray,41883
93,2012,Chevrolet,Silverado 2500 HD Regular Cab,PaleVioletRed,7468
94,2009,INFINITI,FX,Orange,40557
95,1992,Dodge,Ram Wagon B150,AntiqueWhite,50144
96,2000,Kia,Sportage,DarkCyan,41428
97,2015,Chevrolet,Silverado 3500 HD Regular Cab,PaleGoldenRod,25036
98,1996,Nissan,Quest,Magenta,19247
99,1992,Acura,Legend,BurlyWood,31134
100,2011,Subaru,Legacy,Snow,59264
101,2003,Audi,A8,Brown,40406
102,2019,Toyota,RAV4 Hybrid,GoldenRod,26012
103,1997,Nissan,Regular Cab,LightCoral,55516
104,1999,GMC,Yukon,LimeGreen,38802
105,2009,Dodge,Ram 2500 Mega Cab,MediumOrchid,48589
106,2009,GMC,Savana 3500 Cargo,SlateBlue,29042
107,2020,INFINITI,QX60,Khaki,47325
108,1999,GMC,Savana 3500 Cargo,LightGreen,24963
109,2001,Saturn,L-Series,MediumSeaGreen,54225
110,2018,Audi,S4,DarkGray,23474
111,2015,INFINITI,Q50,DarkOrchid,5998
112,2012,BMW,Z4,DarkCyan,5801
113,1994,Isuzu,Rodeo,DarkGray,37213
114,2006,Honda,CR-V,MediumOrchid,58764
115,2011,GMC,Sierra 3500 HD Regular Cab,WhiteSmoke,59158
116,1997,GMC,Suburban 1500,HotPink,3856
117,1992,Jaguar,XJ,PowderBlue,33288
118,1999,Suzuki,Swift,Blue,15848
119,2017,BMW,X4,Fuchsia,2665
120,1995,Audi,A6,Azure,56905
121,2002,Chevrolet,Venture Cargo,PowderBlue,44365
122,1999,Toyota,RAV4,Maroon,9052
123,1998,Acura,SLX,Tomato,25199
124,2012,Scion,iQ,MediumSeaGreen,44670
125,2000,Buick,Century,Magenta,54084
126,1997,Lincoln,Mark VIII,Olive,27368
127,1993,Audi,90,GhostWhite,47483
128,1996,Nissan,Maxima,ForestGreen,11751
129,2007,MINI,Cooper,RoyalBlue,19472
130,2019,Porsche,911,MediumVioletRed,35585
131,1996,Geo,Metro,LightGreen,17211
132,2008,Suzuki,SX4,LightCoral,43136
133,2005,Pontiac,Vibe,DarkSlateBlue,45602
134,2013,Toyota,Prius,LightGreen,45260
135,1993,Cadillac,Eldorado,DarkSeaGreen,17070
136,1992,Chevrolet,3500 Regular Cab,Gold,27306
137,1992,Oldsmobile,98,MediumSeaGreen,2251
138,2011,Mitsubishi,Endeavor,IndianRed,4932
139,2011,BMW,1 Series,DarkGreen,2813
140,2016,Ram,ProMaster City,LightGray,3911
141,2018,Ram,1500 Quad Cab,Aqua,57014
142,2004,Audi,S4,MediumTurquoise,42068
143,2017,BMW,4 Series,Khaki,24394
144,2017,GMC,Canyon Extended Cab,LightCoral,16387
145,2008,Toyota,Tundra CrewMax,PaleGreen,43431
146,1992,Chevrolet,1500 Regular Cab,SandyBrown,17546
147,1997,Mitsubishi,Mirage,SkyBlue,19277
148,2011,Nissan,Versa,Pink,10731
149,2016,Ram,3500 Crew Cab,LightGray,49441
150,1996,Chevrolet,Lumina,GoldenRod,38281
151,2009,Ford,Explorer,DarkTurquoise,18060
152,2005,Subaru,Legacy,Fuchsia,50594
153,2016,Ford,Expedition,SteelBlue,23231
154,2018,Audi,Q5,Navy,54776
155,2013,Honda,Civic,CornflowerBlue,5679
156,2015,Toyota,Sienna,Silver,40702
157,2004,Jaguar,X-Type,SeaShell,14211
158,2016,Ford,F450 Super Duty Crew Cab,DarkRed,43289
159,2001,Daewoo,Nubira,Gray,4781
160,2014,Chevrolet,Spark EV,MediumSeaGreen,46863
161,2009,INFINITI,FX,DarkBlue,17808
162,2015,MAZDA,MX-5 Miata,SpringGreen,40961
163,2009,INFINITI,EX,HoneyDew,16228
164,2006,BMW,7 Series,OliveDrab,43988
165,2011,Nissan,cube,PaleGoldenRod,59415
166,2014,Hyundai,Sonata,MediumSpringGreen,31289
167,2011,Chevrolet,Equinox,DodgerBlue,58224
168,2014,MAZDA,MAZDA3,Cornsilk,1680
169,1995,Mitsubishi,Diamante,LightSteelBlue,5444
170,2015,Ford,F150 Regular Cab,PapayaWhip,24335
171,2006,Nissan,Quest,Ivory,39029
172,2019,Subaru,Forester,LightPink,48923
173,2007,Ford,Freestyle,WhiteSmoke,44727
174,2004,Buick,Rendezvous,MediumSeaGreen,53963
175,2020,Lexus,UX,LightSeaGreen,51541
176,2017,Ford,Transit Connect Cargo,Red,27758
177,2009,Pontiac,Vibe,Magenta,8028
178,2017,Honda,Accord,LightPink,50613
179,2008,MINI,Clubman,LemonChiffon,36480
180,1992,Hyundai,Excel,DeepPink,52958
181,2018,MAZDA,CX-5,LightSteelBlue,12188
182,2006,Bentley,Continental,DarkTurquoise,57954
183,2007,Chevrolet,Express 1500 Passenger,Thistle,59058
184,1992,Nissan,Pathfinder,AntiqueWhite,40881
185,2010,MAZDA,RX-8,CornflowerBlue,29247
186,2016,Ford,C-MAX Energi,LimeGreen,21323
187,2012,Mitsubishi,Galant,LightSlateGray,52417
188,2018,GMC,Savana 3500 Cargo,LightPink,55118
189,2018,Volkswagen,Tiguan Limited,Beige,24332
190,2000,Audi,A6,Ivory,59169
191,2017,Cadillac,ATS-V,Silver,40062
192,2000,Jeep,Wrangler,LavenderBlush,32001
193,2001,Mercedes-Benz,M-Class,Maroon,51469
194,2014,Nissan,Murano,LightSalmon,39650
195,1998,Buick,Park Avenue,CadetBlue,48717
196,1996,Dodge,Ram 3500 Club Cab,PaleTurquoise,23894
197,2005,Chevrolet,SSR,Moccasin,8372
198,2005,BMW,7 Series,BlueViolet,3687
199,2020,Cadillac,Escalade ESV,Cornsilk,20812
200,2010,Toyota,Corolla,Gainsboro,34132
201,1995,Chevrolet,Corsica,LavenderBlush,12055
202,2012,Lexus,CT,Sienna,51560
203,1999,Mitsubishi,Mirage,OldLace,4157
204,2008,Dodge,Ram 1500 Mega Cab,NavajoWhite,11882
205,2020,Kia,Sportage,LightSeaGreen,34358
206,1999,Dodge,Grand Caravan Passenger,LightCoral,35428
207,2007,Ford,Ranger Super Cab,Peru,44137
208,2012,Maserati,GranTurismo,Bisque,12936
209,1993,Porsche,911,DarkOliveGreen,3569
210,1994,Dodge,Shadow,MistyRose,40759
211,2017,Subaru,Crosstrek,MediumTurquoise,2523
212,2010,BMW,3 Series,Beige,12423
213,2019,INFINITI,QX80,Plum,48535
214,2015,BMW,X6,Tan,43250
215,2011,Mitsubishi,Galant,DeepSkyBlue,25492
216,2000,Ford,Explorer Sport,OrangeRed,31371
217,2009,Chevrolet,Express 2500 Cargo,DarkOliveGreen,12342
218,2006,Chevrolet,Equinox,FireBrick,37039
219,2010,Dodge,Ram 2500 Regular Cab,DarkCyan,47555
220,1999,Ford,Econoline E350 Cargo,MintCream,34544
221,2015,Nissan,Pathfinder,GoldenRod,33280
222,2001,Chevrolet,Express 3500 Passenger,SlateGray,36540
223,2010,Lincoln,Navigator L,DarkSeaGreen,45352
224,2004,Chrysler,Concorde,LightPink,22805
225,2012,Ford,Expedition,Orange,34331
226,1999,Dodge,Ram 1500 Quad Cab,Aquamarine,56050
227,2017,Chevrolet,Tahoe,MediumVioletRed,41107
228,2017,Freightliner,Sprinter WORKER Passenger,Magenta,44301
229,2018,Mitsubishi,Outlander,Linen,27157
230,2004,Dodge,Sprinter 2500 Cargo,Aquamarine,42101
231,2009,Chevrolet,Colorado Regular Cab,Red,44913
232,2007,Lincoln,Mark LT,FireBrick,48956
233,2004,Nissan,Altima,LightYellow,36831
234,1992,Geo,Storm,LightSkyBlue,15716
235,2008,Mitsubishi,Raider Extended Cab,MediumTurquoise,35054
236,2008,Volvo,S80,PowderBlue,15225
237,2005,Scion,xB,DarkRed,23276
238,1998,Chevrolet,2500 Extended Cab,Yellow,19843
239,1993,Buick,Skylark,MediumSeaGreen,38544
240,2016,Kia,Sportage,SlateBlue,34942
241,2001,Lexus,LX,GoldenRod,44609
242,2014,Jeep,Cherokee,Cyan,43741
243,2009,Toyota,Matrix,LightCyan,13166
244,2005,Chrysler,Town & Country,Blue,1484
245,2015,Volkswagen,Golf,DarkRed,13554
246,2008,Pontiac,Solstice,Khaki,21653
247,2005,Dodge,Sprinter 2500 Cargo,Beige,6007
248,2009,Toyota,Tundra Regular Cab,AntiqueWhite,40523
249,2018,Mitsubishi,Mirage G4,DeepSkyBlue,46625
250,2010,Toyota,Tundra CrewMax,DarkViolet,4505
251,2011,Chevrolet,Silverado 2500 HD Crew Cab,DeepSkyBlue,12959
252,2001,Ford,Windstar Cargo,OliveDrab,42668
253,2000,GMC,Sierra 1500 Regular Cab,DarkSeaGreen,3815
254,2019,Chevrolet,Suburban 3500HD,PaleVioletRed,15617
255,2010,Hyundai,Elantra,RoyalBlue,50321
256,2003,Acura,NSX,DarkViolet,44759
257,2011,Mercedes-Benz,M-Class,AntiqueWhite,19121
258,2011,Volvo,V50,Gainsboro,24358
259,1999,GMC,Sonoma Extended Cab,CornflowerBlue,15451
260,1997,Lincoln,Continental,DarkViolet,4807
261,2013,BMW,6 Series,Sienna,12266
262,2001,Chevrolet,Express 3500 Cargo,Black,44401
263,2019,BMW,Z4,DarkCyan,53213
264,2006,Ford,Taurus,DimGray,41104
265,2018,Acura,RLX Sport Hybrid,Orange,15647
266,2013,Toyota,Highlander,CadetBlue,49347
267,2018,Chevrolet,Silverado 2500 HD Crew Cab,MediumOrchid,40141
268,2015,Porsche,Macan,DimGray,34751
269,2017,Volkswagen,CC,Black,55357
270,1993,Plymouth,Colt Vista,SeaGreen,20955
271,2001,Toyota,Avalon,Purple,17949
272,2001,GMC,Sierra 2500 HD Crew Cab,RosyBrown,16153
273,1996,Chevrolet,Suburban 1500,LimeGreen,1658
274,2017,Chevrolet,SS,Orchid,4400
275,2008,Land Rover,Range Rover Sport,Indigo,46576
276,1996,Volvo,850,ForestGreen,29258
277,1999,Dodge,Ram 2500 Regular Cab,Bisque,3403
278,1994,Acura,NSX,Olive,31737
279,2007,Dodge,Ram 2500 Regular Cab,GreenYellow,4824
280,2014,GMC,Sierra 1500 Regular Cab,DarkGreen,34090
281,2019,BMW,X6,LimeGreen,7374
282,1992,GMC,Rally Wagon 2500,MediumOrchid,5551
283,2002,Dodge,Ram Wagon 2500,LightBlue,17895
284,1998,Nissan,Quest,LightGreen,45659
285,2019,Chevrolet,Colorado Extended Cab,Magenta,18004
286,2018,Freightliner,Sprinter 2500 Passenger,GoldenRod,46041
287,2017,Maserati,Ghibli,DodgerBlue,40892
288,2015,Mercedes-Benz,S-Class,LightSlateGray,27166
289,1994,Dodge,Stealth,CornflowerBlue,45330
290,1992,Subaru,SVX,WhiteSmoke,36729
291,2019,Mercedes-Benz,GLE,MediumTurquoise,55224
292,2014,Ford,E150 Cargo,MediumSeaGreen,54376
293,1992,Dodge,D250 Club Cab,Silver,57112
294,2012,Suzuki,Equator Crew Cab,Brown,3792
295,2006,Ford,E150 Super Duty Passenger,DarkTurquoise,42258
296,2011,Buick,Enclave,Green,34391
297,2012,Scion,xD,LightGoldenRodYellow,33397
298,2019,Toyota,Corolla,Wheat,51363
299,1992,Dodge,D150 Regular Cab,RosyBrown,53125
300,2017,Cadillac,Escalade,Indigo,20715
301,2004,Kia,Rio,Brown,9944
302,2001,Dodge,Ram Van 2500,Plum,39138
303,2009,Ford,Expedition EL,Thistle,29745
304,2019,Land Rover,Range Rover Velar,AntiqueWhite,50282
305,2020,Ram,2500 Crew Cab,Peru,5695
306,1994,Toyota,Tercel,Gold,58323
307,1993,Honda,Civic,Salmon,2945
308,2020,Kia,Stinger,Ivory,27213
309,2006,Honda,Odyssey,Lime,51729
310,2011,Mercedes-Benz,GLK-Class,LightGreen,42388
311,1993,Audi,100,DeepSkyBlue,52941
312,2003,Ford,E350 Super Duty Passenger,BurlyWood,39665
313,2002,Toyota,RAV4,Lime,41503
314,2013,Toyota,Tacoma Access Cab,DarkGreen,56421
315,2002,Volkswagen,Jetta,MintCream,46144
316,2017,Volkswagen,CC,Blue,44165
317,1998,Toyota,Land Cruiser,MediumTurquoise,45694
318,1999,Chevrolet,Venture Passenger,Indigo,33120
319,2013,Mercedes-Benz,S-Class,BlanchedAlmond,6785
320,2013,GMC,Savana 2500 Passenger,MediumTurquoise,48786
321,2012,Lincoln,Navigator,GreenYellow,8145
322,2007,Chevrolet,Express 2500 Cargo,Crimson,46908
323,2006,Ford,F350 Super Duty Super Cab,FloralWhite,47906
324,2003,Mitsubishi,Diamante,DeepSkyBlue,2379
325,2018,Kia,Soul EV,Aqua,6280
326,2018,Ferrari,Portofino,LightBlue,11301
327,2011,Land Rover,LR2,Orange,42824
328,1995,Lexus,ES,DarkRed,56495
329,2018,Kia,Cadenza,Coral,41007
330,2019,Buick,Encore,DarkOrchid,29760
331,2015,Hyundai,Elantra,YellowGreen,35562
332,2012,Volkswagen,Jetta SportWagen,NavajoWhite,18667
333,1995,Chrysler,Town & Country,DarkSalmon,39646
334,2007,Ford,E150 Super Duty Cargo,YellowGreen,10265
335,2004,BMW,5 Series,DimGray,19950
336,2001,GMC,Sierra 2500 Regular Cab,DarkOrchid,52628
337,2007,Pontiac,G5,LightCoral,8338
338,1992,GMC,Sonoma Club Cab,Indigo,30884
339,2009,Maserati,GranTurismo,MediumBlue,1505
340,2018,Chevrolet,Colorado Crew Cab,AntiqueWhite,22582
341,1992,Hyundai,Sonata,Maroon,51512
342,2010,Lexus,IS,MediumSlateBlue,51526
343,2014,smart,fortwo,Black,29582
344,1993,Volvo,850,DarkViolet,44436
345,2018,FIAT,500c Abarth,SlateGray,47108
346,2018,Toyota,Tacoma Access Cab,Sienna,13907
347,2007,Chevrolet,Express 1500 Cargo,Bisque,39036
348,2012,Chevrolet,Corvette,BlanchedAlmond,38228
349,2009,GMC,Canyon Regular Cab,YellowGreen,30349
350,2002,Dodge,Intrepid,MidnightBlue,25499
351,2009,Volkswagen,Rabbit,SandyBrown,30117
352,2017,Nissan,Maxima,MediumBlue,7401
353,2001,Ford,Econoline E350 Super Duty Cargo,WhiteSmoke,55399
354,2016,BMW,6 Series,FloralWhite,42012
355,2003,Jaguar,XJ,Bisque,36085
356,2000,Ford,F250 Super Duty Regular Cab,HotPink,17891
357,1992,Mitsubishi,Montero,SeaShell,18576
358,2008,Saab,9-7X,Fuchsia,29346
359,1992,Mercury,Topaz,DarkRed,16671
360,2020,INFINITI,Q60,OldLace,13894
361,2019,Mercedes-Benz,E-Class,LightCoral,41759
362,1992,Buick,Park Avenue,MediumPurple,53764
363,1992,Hyundai,Elantra,BlueViolet,58622
364,2016,Subaru,Outback,BlueViolet,44069
365,2016,FIAT,500,LightYellow,32347
366,2011,Mitsubishi,Galant,Fuchsia,53020
367,2019,Mercedes-Benz,A-Class,DarkSlateGray,17834
368,2000,Dodge,Ram Van 3500,Orange,8886
369,2000,Land Rover,Range Rover,Green,8357
370,1994,Subaru,Loyale,OrangeRed,26945
371,2015,Lexus,CT,LightPink,5353
372,2005,Dodge,Magnum,DarkOrchid,59700
373,2015,Nissan,Titan Crew Cab,MidnightBlue,15705
374,2011,BMW,X5 M,OliveDrab,59506
375,2007,Mitsubishi,Eclipse,Ivory,49809
376,2013,Ram,3500 Regular Cab,LightPink,37283
377,2013,Ferrari,FF,White,23820
378,2006,GMC,Savana 2500 Cargo,MediumPurple,18706
379,2018,GMC,Canyon Crew Cab,Pink,55126
380,2018,GMC,Sierra 1500 Double Cab,Orange,31798
381,2017,Mitsubishi,Mirage,AliceBlue,34643
382,1999,Lincoln,Town Car,BlanchedAlmond,9958
383,2009,Hyundai,Accent,Turquoise,4659
384,1995,Ford,F150 Super Cab,FireBrick,22855
385,1999,INFINITI,Q,GoldenRod,26085
386,2007,MAZDA,MAZDA5,Gray,46298
387,2016,Maserati,Ghibli,Olive,10008
388,2003,Nissan,350Z,MintCream,42126
389,2016,Chevrolet,Silverado 1500 Crew Cab,Khaki,32246
390,2007,MINI,Cooper,WhiteSmoke,9006
391,2015,Chevrolet,Silverado 2500 HD Double Cab,DarkOrange,31184
392,1999,BMW,7 Series,DarkSlateBlue,23582
393,2001,Chevrolet,Astro Passenger,SandyBrown,17295
394,2007,Ford,Expedition EL,Yellow,11699
395,2015,Lincoln,MKC,SeaShell,58392
396,1994,Dodge,Colt,Magenta,35788
397,2000,BMW,Z8,SlateGray,3284
398,2011,Chevrolet,Silverado 1500 Regular Cab,LightSeaGreen,28234
399,2010,Mercedes-Benz,GLK-Class,Sienna,34823
400,2008,Nissan,Pathfinder,LightSteelBlue,44343
401,2018,Toyota,C-HR,DarkOrchid,59060
402,1995,Suzuki,Esteem,LightYellow,50638
403,2004,Ford,Thunderbird,Wheat,45254
404,2018,BMW,M6,DarkSlateGray,57242
405,2011,Acura,TL,PaleTurquoise,51356
406,2016,Nissan,Murano,Peru,43375
407,2012,Audi,Q7,MediumPurple,9318
408,1997,Isuzu,Hombre Spacecab,Olive,34796
409,2004,Toyota,Sienna,MintCream,34459
410,1993,Ford,Probe,Fuchsia,44331
411,2015,MINI,Roadster,SlateBlue,43417
412,2000,MAZDA,626,OliveDrab,38883
413,2014,Lexus,IS,LightSteelBlue,10772
414,2004,Porsche,Cayenne,LightYellow,48430
415,2002,Honda,CR-V,Moccasin,9336
416,2013,Honda,Pilot,SteelBlue,47708
417,2009,Nissan,Pathfinder,MediumSlateBlue,12649
418,2005,Chrysler,Crossfire,Azure,26008
419,2012,Ford,Expedition,SlateGray,52271
420,2003,Mercedes-Benz,C-Class,MediumPurple,29538
421,2010,Ford,Explorer,Coral,21264
422,2006,BMW,M3,Tomato,41717
423,2009,Hyundai,Azera,Cyan,55862
424,1999,Mitsubishi,Montero,Red,34924
425,1997,HUMMER,H1,Blue,11695
426,2014,Jeep,Grand Cherokee,Magenta,15978
427,2016,Kia,Sedona,Navy,46546
428,2007,Saab,03-Sep,DarkOliveGreen,57283
429,1995,Dodge,Ram 2500 Club Cab,MediumSpringGreen,24082
430,2006,Lincoln,Mark LT,LightSeaGreen,29702
431,2000,Nissan,Xterra,Ivory,59396
432,2004,Ford,Excursion,Navy,43822
433,2016,Chevrolet,Colorado Crew Cab,DodgerBlue,38011
434,2012,Subaru,Tribeca,MediumOrchid,21667
435,2002,Chevrolet,Venture Passenger,Tan,45475
436,2016,Toyota,Prius v,Fuchsia,59653
437,2011,Mercedes-Benz,E-Class,PaleVioletRed,38839
438,1993,Lexus,ES,PeachPuff,16081
439,1998,GMC,1500 Regular Cab,MediumVioletRed,39000
440,1999,Toyota,4Runner,LightBlue,49662
441,2016,MINI,Countryman,MediumSlateBlue,49019
442,2012,Mitsubishi,Lancer,MediumPurple,54930
443,2003,GMC,Envoy XL,Aqua,47109
444,2003,INFINITI,G,WhiteSmoke,51556
445,1997,Lexus,GS,ForestGreen,39004
446,2012,Lamborghini,Aventador,MintCream,19104
447,2010,Mercedes-Benz,G-Class,Fuchsia,53013
448,2012,Mercedes-Benz,M-Class,White,40836
449,2020,GMC,Sierra 2500 HD Crew Cab,Orange,21298
450,2010,Nissan,Titan King Cab,BlueViolet,54335
451,2013,Aston Martin,Vantage,Violet,6009
452,2000,Isuzu,Trooper,DodgerBlue,29083
453,2015,Audi,S4,Thistle,7414
454,2000,Chrysler,Grand Voyager,DarkSeaGreen,30030
455,2012,Chevrolet,Colorado Crew Cab,DodgerBlue,15106
456,2000,BMW,Z3,Fuchsia,30306
457,2002,GMC,Yukon XL 2500,OliveDrab,30386
458,1996,Nissan,Quest,MediumSeaGreen,25319
459,1999,Volkswagen,Cabrio (New),LightSteelBlue,22750
460,2017,Toyota,Yaris iA,White,9509
461,2006,Chevrolet,Silverado 1500 Extended Cab,Bisque,58489
462,1999,Toyota,Land Cruiser,Chocolate,12541
463,2005,Mercedes-Benz,G-Class,Lime,27641
464,2016,Hyundai,Veloster,DarkKhaki,37390
465,2018,Honda,Fit,LightBlue,50262
466,1995,Mercury,Tracer,Bisque,33773
467,2011,Saab,9-4X,LightSteelBlue,42282
468,2007,Toyota,Matrix,LightGray,46665
469,2009,Ford,F150 Super Cab,BlueViolet,33361
470,1998,Porsche,911,PaleTurquoise,40568
471,2010,Dodge,Ram 1500 Regular Cab,MediumTurquoise,11891
472,1993,Dodge,Ram Wagon B250,Gold,15208
473,1998,Nissan,Sentra,Ivory,46361
474,1995,Chevrolet,3500 HD Regular Cab,LavenderBlush,17293
475,2000,GMC,Yukon,AliceBlue,37581
476,1992,Dodge,Ram Wagon B150,AntiqueWhite,27096
477,2017,Mercedes-Benz,Metris Passenger,LemonChiffon,10445
478,2000,Acura,NSX,PeachPuff,42429
479,2006,Saturn,VUE,DeepSkyBlue,23950
480,1996,Plymouth,Grand Voyager,MistyRose,2154
481,2015,Ram,1500 Crew Cab,PaleVioletRed,37388
482,1993,Audi,Quattro,SlateBlue,58238
483,2006,Suzuki,Forenza,Gainsboro,28060
484,2012,Ford,Fusion,PowderBlue,23356
485,2010,Dodge,Ram 1500 Quad Cab,MediumSeaGreen,59685
486,1992,Mercury,Sable,FireBrick,45928
487,2011,Jeep,Wrangler,Purple,14586
488,2000,Dodge,Caravan Passenger,PapayaWhip,5754
489,2002,Volvo,V70,MediumAquaMarine,46727
490,2019,Toyota,Tundra Double Cab,Gold,55756
491,2004,Oldsmobile,Silhouette,Magenta,21162
492,2019,Mercedes-Benz,Mercedes-AMG CLS,LightGray,42116
493,2012,Ford,Mustang,IndianRed,18418
494,2002,Volvo,C70,SlateGray,5211
495,2019,FIAT,500X,Plum,30234
496,1997,Mercedes-Benz,C-Class,MediumSeaGreen,21605
497,2007,Mercedes-Benz,SLR McLaren,Orchid,59595
498,2000,Ford,Windstar Cargo,LimeGreen,10588
499,2016,Chevrolet,Silverado 1500 Regular Cab,Wheat,11591
500,2016,Maserati,Quattroporte,MediumSpringGreen,58170
501,1995,Eagle,Vision,PaleGreen,45141
502,2016,Nissan,Altima,GreenYellow,38804
503,1995,Chevrolet,S10 Extended Cab,PeachPuff,22921
504,2015,Porsche,Cayman,SlateGray,29051
505,2008,Volkswagen,New Beetle,Fuchsia,26034
506,1999,GMC,2500 Crew Cab,Green,31562
507,2002,Buick,Century,Sienna,47881
508,2012,Volkswagen,CC,LightPink,45307
509,1998,Toyota,Supra,Silver,51575
510,2017,Volkswagen,e-Golf,DarkGoldenRod,36862
511,2004,Porsche,Cayenne,DeepPink,43604
512,2001,Lincoln,Continental,YellowGreen,3282
513,2018,Acura,ILX,PaleGoldenRod,38388
514,2014,Freightliner,Sprinter 3500 Cargo,DarkBlue,55100
515,1995,Toyota,Previa,GreenYellow,54600
516,1994,Chrysler,Town & Country,SandyBrown,23903
517,2005,Nissan,Murano,MediumOrchid,17793
518,1997,Oldsmobile,Bravada,Fuchsia,25792
519,2014,Nissan,Pathfinder,Tomato,11248
520,2006,BMW,7 Series,DarkKhaki,31440
521,1992,Chevrolet,Sportvan G10,HotPink,20648
522,2008,Chevrolet,Express 3500 Passenger,FloralWhite,20393
523,2014,Cadillac,ELR,FireBrick,26376
524,2004,Chevrolet,Suburban 1500,LimeGreen,51637
525,2016,Mercedes-Benz,Mercedes-AMG GLE Coupe,Turquoise,45062
526,2009,Ford,F150 Super Cab,BlueViolet,38017
527,2015,Rolls-Royce,Ghost,DarkGray,27533
528,2015,Toyota,Camry,LightGray,19479
529,1998,GMC,Yukon,HoneyDew,59688
530,2005,Acura,NSX,DarkGray,28019
531,2011,Chevrolet,Aveo,DeepPink,48725
532,2011,Porsche,Cayman,LightSteelBlue,9658
533,2017,Cadillac,ATS-V,MediumTurquoise,58002
534,2005,Chevrolet,Astro Passenger,PaleVioletRed,4708
535,2000,Plymouth,Breeze,Magenta,37558
536,2003,INFINITI,G,LightSeaGreen,41375
537,2001,Hyundai,Santa Fe,LightSeaGreen,2605
538,2018,Chrysler,Pacifica Hybrid,DarkMagenta,12646
539,2006,Nissan,Frontier King Cab,Snow,22722
540,2007,Chevrolet,Silverado (Classic) 1500 Regular Cab,LightYellow,22888
541,2016,Ram,3500 Regular Cab,DarkSlateGray,5097
542,1992,Mercedes-Benz,500 SL,Crimson,32741
543,2020,Hyundai,Palisade,SteelBlue,16651
544,1996,Toyota,RAV4,Lavender,26031
545,1993,Dodge,Ram 50 Regular Cab,PaleTurquoise,31251
546,2017,Chevrolet,Silverado 2500 HD Regular Cab,BlueViolet,54912
547,1996,Dodge,Avenger,Lime,26489
548,2015,Lincoln,Navigator L,LightSkyBlue,58092
549,2012,Maybach,62,CadetBlue,42265
550,2003,Chevrolet,Avalanche 2500,DarkSeaGreen,34658
551,2019,Ford,Taurus,DarkGray,21579
552,2000,Chevrolet,Astro Cargo,DarkMagenta,48620
553,2017,Nissan,NV3500 HD Passenger,DarkRed,35492
554,2018,Audi,S8,Thistle,58999
555,2011,Chevrolet,Avalanche,Lime,1852
556,2009,BMW,M6,SlateBlue,29946
557,1998,Jeep,Wrangler,PeachPuff,29814
558,2018,Rolls-Royce,Ghost,Chocolate,56798
559,1996,Chevrolet,Corsica,Navy,5022
560,2014,Dodge,Avenger,LemonChiffon,33988
561,2018,FIAT,500L,Salmon,44061
562,1992,Chevrolet,G-Series G30,LavenderBlush,7771
563,2005,Jeep,Wrangler,MediumBlue,5679
564,1998,Jeep,Cherokee,White,47247
565,1995,Pontiac,Grand Am,LightBlue,43910
566,2013,FIAT,500,Peru,27076
567,2015,Mercedes-Benz,B-Class,Pink,25545
568,2019,INFINITI,QX80,MediumBlue,17549
569,1995,Acura,Integra,Red,36464
570,1992,Chevrolet,S10 Blazer,Indigo,33948
571,2010,Lotus,Evora,IndianRed,51135
572,2016,Hyundai,Azera,Khaki,38561
573,2014,GMC,Sierra 3500 HD Regular Cab,DarkKhaki,2516
574,2012,Nissan,Quest,SaddleBrown,25601
575,2004,Oldsmobile,Bravada,PaleGoldenRod,37993
576,2013,INFINITI,JX,Gold,30725
577,2010,Porsche,Boxster,Purple,8686
578,2017,Nissan,TITAN XD King Cab,Magenta,1086
579,1995,Mitsubishi,Expo,LightBlue,25524
580,2018,Buick,Cascada,CornflowerBlue,30178
581,2019,Hyundai,Accent,Silver,23469
582,1993,HUMMER,H1,WhiteSmoke,41787
583,2011,Land Rover,Range Rover,PeachPuff,27419
584,1998,Chrysler,Concorde,MintCream,18419
585,2011,Ford,Escape,DarkSalmon,8611
586,2018,Ford,F350 Super Duty Super Cab,BlanchedAlmond,9188
587,2017,MAZDA,CX-3,Olive,15188
588,2009,Acura,MDX,LawnGreen,48494
589,1992,Oldsmobile,Silhouette,LightCyan,52792
590,2000,GMC,Sierra (Classic) 2500 Crew Cab,Snow,26822
591,2018,MINI,Hardtop 2 Door,Magenta,24734
592,2002,GMC,Yukon,MidnightBlue,54955
593,2012,Mitsubishi,Eclipse,Ivory,31982
594,2000,Mercedes-Benz,M-Class,CadetBlue,8907
595,2011,Chevrolet,Traverse,Ivory,15639
596,2012,Hyundai,Genesis,HoneyDew,6598
597,2008,Ford,F350 Super Duty Super Cab,GhostWhite,21706
598,2013,Subaru,Outback,SlateGray,36550
599,2019,Ford,Flex,MidnightBlue,30249
600,1996,Mercury,Mystique,SlateBlue,9773
601,2010,Nissan,Altima,Silver,48278
602,2004,Acura,TL,GoldenRod,40476
603,2013,Cadillac,XTS,SlateBlue,50102
604,2005,Toyota,Celica,Lime,21804
605,2019,Subaru,Outback,LightGoldenRodYellow,27454
606,2013,Nissan,LEAF,SlateGray,21301
607,1993,Mercury,Topaz,NavajoWhite,48524
608,2005,Audi,S4,HotPink,49238
609,2019,Chevrolet,Express 3500 Cargo,OldLace,21894
610,2001,Ford,Explorer Sport Trac,LightSkyBlue,56769
611,2004,Honda,Accord,MediumSeaGreen,40475
612,1995,Chevrolet,Impala,SandyBrown,35367
613,1993,Mercedes-Benz,190 E,RoyalBlue,39423
614,2009,Mercury,Milan,Beige,35141
615,2006,Chevrolet,Express 3500 Passenger,Snow,20470
616,1996,GMC,Savana 3500 Passenger,Brown,32217
617,2019,Buick,Regal Sportback,Olive,30463
618,2004,Chevrolet,Silverado 1500 Regular Cab,MistyRose,39510
619,2016,GMC,Savana 3500 Cargo,RosyBrown,22030
620,2007,Jaguar,X-Type,DarkSeaGreen,29096
621,2015,Ford,Transit 350 HD Van,LightYellow,15910
622,2008,Nissan,Titan King Cab,OldLace,32810
623,2008,Chevrolet,HHR,Moccasin,32570
624,2013,Hyundai,Sonata,DarkSeaGreen,19272
625,2004,Nissan,Frontier King Cab,HotPink,19877
626,2006,Subaru,Baja,LightBlue,50766
627,2006,Volkswagen,Rabbit,DarkSeaGreen,20705
628,2006,Dodge,Ram 3500 Mega Cab,Gainsboro,47269
629,2018,Jaguar,XJ,Maroon,31852
630,2009,Volvo,XC70,Indigo,34481
631,1998,Nissan,Sentra,AliceBlue,48528
632,2003,Toyota,RAV4,FireBrick,56136
633,2002,Saturn,S-Series,ForestGreen,6757
634,2014,GMC,Sierra 2500 HD Regular Cab,LightSkyBlue,45339
635,1999,INFINITI,Q,IndianRed,35755
636,1996,GMC,1500 Regular Cab,LightCoral,9148
637,2019,Chevrolet,Suburban,LightSlateGray,1755
638,2001,Ford,Econoline E350 Super Duty Cargo,PaleGoldenRod,58254
639,2015,GMC,Acadia,Snow,6500
640,2015,MAZDA,MAZDA3,LightSlateGray,13710
641,2005,Dodge,Grand Caravan Cargo,GoldenRod,35900
642,2017,INFINITI,QX60,DarkGreen,28477
643,2002,Pontiac,Bonneville,Bisque,59905
644,1993,Plymouth,Grand Voyager,Aqua,7816
645,2014,Ford,F450 Super Duty Crew Cab,Gold,49015
646,2007,MAZDA,MAZDA3,BurlyWood,26069
647,2012,Ford,Edge,White,52967
648,2012,MINI,Clubman,DeepPink,6645
649,2019,Mercedes-Benz,Mercedes-AMG GLA,RoyalBlue,42670
650,2000,GMC,Sierra (Classic) 2500 HD Regular Cab,LightCyan,39220
651,2016,Tesla,Model X,Cornsilk,18968
652,1995,Alfa Romeo,164,MintCream,10578
653,2010,Kia,Soul,Navy,36065
654,1992,Lincoln,Town Car,MediumSlateBlue,5961
655,2018,Ram,2500 Crew Cab,Yellow,31727
656,2010,Lincoln,MKX,LawnGreen,22091
657,2018,GMC,Sierra 1500 Regular Cab,Maroon,20277
658,1995,Audi,A6,Bisque,47926
659,2003,Toyota,Echo,Tan,56040
660,2002,Porsche,911,CadetBlue,48896
661,2017,GMC,Canyon Crew Cab,DarkBlue,7984
662,1993,GMC,2500 Club Coupe,Green,22072
663,2004,Dodge,Neon,DarkRed,48677
664,2007,Saab,9-7X,HoneyDew,28481
665,2008,Ford,Mustang,SteelBlue,31828
666,2001,Nissan,Quest,Orange,11940
667,2010,Hyundai,Genesis,GhostWhite,15317
668,2006,Nissan,Frontier King Cab,LemonChiffon,46314
669,2006,Ford,E350 Super Duty Passenger,DimGray,4110
670,1997,Ford,F250 Crew Cab,GhostWhite,20920
671,1993,Chevrolet,Caprice Classic,Thistle,52240
672,2003,BMW,X5,SaddleBrown,3089
673,2018,Toyota,Avalon,YellowGreen,4809
674,2002,Oldsmobile,Silhouette,Beige,14767
675,2017,Honda,CR-V,PaleTurquoise,47339
676,2006,Suzuki,Verona,BurlyWood,27810
677,2020,BMW,7 Series,Ivory,58714
678,2010,Chevrolet,Camaro,GreenYellow,41839
679,2019,Ford,Transit 350 Van,Tan,56346
680,2017,Ford,Transit 350 Wagon,MediumSpringGreen,18571
681,2009,Toyota,Prius,Tan,41833
682,2005,Mitsubishi,Endeavor,DarkOrange,3019
683,1993,Ford,Ranger Super Cab,Peru,32748
684,2006,Toyota,4Runner,AliceBlue,43465
685,2006,MAZDA,MAZDA6,SlateGray,2241
686,2003,Dodge,Dakota Quad Cab,Azure,8659
687,1998,Ford,Expedition,MediumSeaGreen,38869
688,2007,Volvo,S40,LightSeaGreen,16511
689,1995,MAZDA,MX-6,SaddleBrown,32612
690,2004,Lexus,LS,BurlyWood,44118
691,2020,Honda,Accord Hybrid,AliceBlue,52228
692,2013,Audi,S5,Crimson,52718
693,2004,Jaguar,X-Type,BlueViolet,2180
694,2007,Audi,A6,Salmon,2403
695,2010,Mercury,Mariner,Turquoise,10623
696,1997,Chevrolet,3500 Crew Cab,Crimson,7435
697,1993,Mitsubishi,Diamante,Turquoise,3840
698,1992,Cadillac,Seville,DarkSlateGray,55012
699,2013,Lexus,LX,SkyBlue,21340
700,2008,BMW,3 Series,MediumVioletRed,44916
701,2017,Hyundai,Santa Fe Sport,MediumSlateBlue,11188
702,2001,GMC,Sierra 2500 HD Extended Cab,LightSlateGray,58317
703,2003,GMC,Safari Cargo,ForestGreen,5236
704,1999,Ford,F350 Super Duty Super Cab,Gold,54626
705,1994,Chevrolet,Sportvan G30,LightPink,39905
706,2015,Mercedes-Benz,GL-Class,SlateGray,17447
707,2005,Saturn,Relay,Beige,26325
708,1994,Nissan,Quest,MediumPurple,7182
709,2008,Toyota,Tacoma Access Cab,DarkGray,47970
710,1994,Acura,NSX,WhiteSmoke,24917
711,2006,Mercedes-Benz,R-Class,SandyBrown,45663
712,2005,Chevrolet,Equinox,LightSteelBlue,1070
713,2010,Honda,Fit,GoldenRod,3504
714,2011,Mitsubishi,Eclipse,Chocolate,33803
715,2017,Land Rover,Discovery,Violet,41091
716,1995,Buick,Roadmaster,FireBrick,2959
717,2004,Acura,TSX,Navy,7466
718,2012,Porsche,911,MediumOrchid,27334
719,2016,Volvo,XC90,DarkSlateGray,58263
720,2014,FIAT,500c,MediumBlue,38132
721,2009,BMW,M5,DarkCyan,21755
722,2017,Kia,Rio,LightSkyBlue,58084
723,2005,GMC,Sierra 1500 Extended Cab,HotPink,15276
724,2017,INFINITI,Q50,DarkSalmon,14745
725,2008,MAZDA,MAZDA5,Bisque,3500
726,2018,Toyota,Highlander,DarkViolet,53620
727,1993,Chevrolet,Suburban 2500,Black,24608
728,2020,Ford,Explorer,DarkViolet,41542
729,2005,Saturn,Ion,OliveDrab,10301
730,2011,Ford,Edge,Maroon,39495
731,2013,Suzuki,Kizashi,Ivory,38520
732,2014,MINI,Paceman,Aqua,35043
733,2009,Ford,F150 Regular Cab,PaleGreen,25061
734,1998,GMC,Jimmy,PapayaWhip,4092
735,2015,INFINITI,Q40,DimGray,19780
736,2012,Ford,F150 Regular Cab,LightGoldenRodYellow,25992
737,2013,Cadillac,Escalade EXT,Orange,15383
738,2002,Mercedes-Benz,CL-Class,Orange,19787
739,2006,Volvo,S60,DarkRed,58826
740,2020,Honda,Pilot,MediumSpringGreen,22413
741,1994,Ford,F150 Super Cab,LavenderBlush,19713
742,2009,Volkswagen,Touareg 2,Maroon,42100
743,2017,Porsche,718 Boxster,Azure,54011
744,2015,Dodge,Dart,SandyBrown,33426
745,2014,Ford,E250 Cargo,PaleTurquoise,7828
746,1998,Hyundai,Accent,Olive,3068
747,2007,BMW,Z4 M,BlueViolet,48916
748,1993,Chevrolet,S10 Blazer,MediumBlue,55585
749,2007,Kia,Rio,Salmon,48898
750,1992,Hyundai,Scoupe,DeepSkyBlue,4186
751,2020,Nissan,NV1500 Cargo,Plum,51006
752,2001,Mercury,Villager,LightSeaGreen,14056
753,1993,Porsche,968,Wheat,20966
754,1995,GMC,Rally Wagon G2500,AliceBlue,46891
755,2018,Cadillac,Escalade ESV,DarkBlue,59794
756,2001,Ford,F350 Super Duty Super Cab,PaleVioletRed,36415
757,2018,Toyota,Mirai,DarkOrange,20510
758,2019,Mercedes-Benz,SL,Salmon,26871
759,2020,Chevrolet,Traverse,Tomato,25244
760,2017,Acura,NSX,Tan,39978
761,2017,Hyundai,Veloster,LightSeaGreen,42327
762,2018,Chevrolet,Express 2500 Passenger,DarkSlateGray,8501
763,2002,Dodge,Intrepid,Salmon,35302
764,2006,Volvo,XC70,Tan,15027
765,2013,Mercedes-Benz,Sprinter 2500 Cargo,LightSteelBlue,10322
766,2016,Kia,K900,GhostWhite,36459
767,2016,Buick,Regal,FloralWhite,5332
768,2006,HUMMER,H1,Red,30095
769,2017,Nissan,NV1500 Cargo,DarkGoldenRod,31861
770,2020,Cadillac,XT6,Salmon,35702
771,2017,Jeep,Wrangler,DarkKhaki,45795
772,1992,GMC,Safari Cargo,SeaShell,1875
773,2001,Chrysler,Prowler,Gray,39582
774,2001,Dodge,Ram Wagon 3500,LightPink,20382
775,2013,Volvo,S60,Linen,15106
776,2015,Chevrolet,Silverado 1500 Double Cab,Coral,10192
777,1997,Ford,Crown Victoria,GreenYellow,48383
778,1992,Plymouth,Grand Voyager,LightSalmon,3668
779,1999,Acura,CL,MediumTurquoise,40979
780,1993,GMC,Sonoma Club Coupe Cab,MediumAquaMarine,59902
781,1998,Dodge,Viper,ForestGreen,58834
782,2005,MAZDA,MAZDA3,White,36181
783,2017,Acura,MDX Sport Hybrid,Plum,22528
784,2001,Mercury,Mountaineer,Coral,25372
785,2005,Cadillac,DeVille,LightSteelBlue,41475
786,1992,MAZDA,B-Series Regular Cab,Teal,48069
787,2002,Dodge,Neon,Cyan,28320
788,2013,GMC,Sierra 1500 Crew Cab,Peru,37360
789,2010,Chevrolet,Silverado 1500 Crew Cab,Sienna,42012
790,2002,Ford,F350 Super Duty Super Cab,BurlyWood,51035
791,2004,Subaru,Baja,PeachPuff,20722
792,2002,Buick,Rendezvous,RoyalBlue,48688
793,2000,INFINITI,QX,IndianRed,29182
794,2019,Nissan,NV200,SlateBlue,45363
795,2014,BMW,M5,PaleTurquoise,35389
796,2017,McLaren,570GT,DarkSalmon,45032
797,2010,Toyota,Tacoma Double Cab,PaleGoldenRod,46376
798,2014,Toyota,FJ Cruiser,LightGreen,32111
799,2012,GMC,Sierra 2500 HD Crew Cab,PaleVioletRed,59210
800,1995,Mitsubishi,Eclipse,Orchid,25500
801,1999,Chevrolet,Tracker,Red,48753
802,2004,Chevrolet,Suburban 2500,LawnGreen,22247
803,2017,Ford,C-MAX Energi,Cyan,6460
804,1996,Mitsubishi,Mighty Max Regular Cab,Chocolate,55881
805,1999,Dodge,Ram Van 2500,HoneyDew,36181
806,1998,Ford,F150 Super Cab,MistyRose,26291
807,1999,Ford,Econoline E350 Super Duty Passenger,Moccasin,45719
808,2011,Ford,Expedition,Beige,7590
809,2020,Nissan,Rogue,DarkGoldenRod,28437
810,2003,Porsche,911,Wheat,21081
811,2009,Aston Martin,DBS,MediumTurquoise,17178
812,1994,Chevrolet,Lumina Cargo,Gray,46148
813,2014,Nissan,Maxima,PaleGreen,19045
814,1999,Chrysler,LHS,Fuchsia,30177
815,2019,FIAT,500L,DarkSeaGreen,2297
816,1993,MAZDA,B-Series Cab Plus,PaleGreen,6226
817,2000,Nissan,Sentra,Aqua,4642
818,2011,Honda,Pilot,Indigo,8832
819,2016,Lexus,RC,SpringGreen,49876
820,2016,Buick,Envision,LightCyan,41785
821,1999,GMC,2500 HD Regular Cab,DarkSalmon,39496
822,1992,Buick,Regal,BlueViolet,49934
823,2001,GMC,Yukon,PowderBlue,5714
824,2020,Porsche,Panamera,LightYellow,46449
825,2014,Ford,Transit Connect Passenger,Fuchsia,59399
826,2019,Tesla,Model 3,DarkGreen,16449
827,2015,Land Rover,LR4,RosyBrown,33436
828,1999,Nissan,Pathfinder,PaleGoldenRod,1328
829,2003,Dodge,Ram 1500 Quad Cab,Gray,45980
830,1996,MAZDA,626,Gold,44564
831,2018,Porsche,Cayenne,SkyBlue,9760
832,2013,Suzuki,Kizashi,PaleGoldenRod,23282
833,2005,Toyota,4Runner,Aquamarine,52387
834,2018,Honda,Civic,Chocolate,11980
835,2020,Toyota,RAV4 Hybrid,DarkMagenta,4531
836,2008,Mercedes-Benz,C-Class,Linen,59556
837,2011,Nissan,Armada,Olive,44892
838,2011,GMC,Sierra 1500 Crew Cab,MediumOrchid,13738
839,2013,Hyundai,Genesis,RoyalBlue,12085
840,2013,Lincoln,MKZ,AntiqueWhite,24449
841,2000,GMC,Savana 1500 Cargo,LightCyan,53389
842,1993,Mercedes-Benz,190 E,LavenderBlush,6494
843,2007,Toyota,RAV4,Maroon,55906
844,1992,Acura,Vigor,DarkGray,1118
845,2007,Ford,Fusion,DarkSalmon,42584
846,2012,Lexus,ES,CadetBlue,46796
847,1994,Ford,Mustang,Salmon,58047
848,2014,Mercedes-Benz,GL-Class,LightSkyBlue,52977
849,2000,Chevrolet,Cavalier,MediumVioletRed,22938
850,2020,Porsche,911,SpringGreen,52405
851,2006,Maybach,62,SeaGreen,25231
852,2008,Land Rover,LR3,MediumOrchid,23588
853,2008,GMC,Sierra 3500 HD Crew Cab,Salmon,24291
854,2019,Mercedes-Benz,Metris Cargo,AliceBlue,25019
855,2005,GMC,Sierra 2500 HD Regular Cab,Azure,25650
856,2006,Acura,RSX,BlueViolet,24920
857,1996,Isuzu,Oasis,LavenderBlush,14535
858,2019,Mercedes-Benz,Mercedes-AMG GT,SeaGreen,45528
859,2019,BMW,X2,MistyRose,1816
860,2004,Lincoln,Navigator,Plum,31786
861,2001,Ford,Focus,DarkOliveGreen,23577
862,1993,Ford,F250 Super Cab,LightSkyBlue,14513
863,2012,BMW,X6,Wheat,24525
864,2014,Mercedes-Benz,Sprinter 2500 Passenger,Sienna,35686
865,2016,Chevrolet,Silverado 2500 HD Regular Cab,Violet,7336
866,2005,Honda,Insight,DarkSalmon,38466
867,1996,Oldsmobile,Bravada,Sienna,47657
868,2019,Maserati,Levante,DarkGreen,6424
869,1993,Mercedes-Benz,500 SL,AliceBlue,3225
870,2016,Volkswagen,Golf GTI,Black,57437
871,2010,Bentley,Continental,PeachPuff,18649
872,2006,Nissan,Xterra,Thistle,58588
873,2008,Volkswagen,GLI,Turquoise,56611
874,2008,Lexus,ES,SaddleBrown,27640
875,2014,Chevrolet,Silverado 1500 Crew Cab,Gray,13478
876,2012,INFINITI,M,MediumSlateBlue,14799
877,1998,Toyota,RAV4,DarkOrange,17678
878,2013,Lexus,RX,Aquamarine,12188
879,1998,Honda,Prelude,NavajoWhite,9073
880,2004,Cadillac,Seville,LightCyan,10832
881,2005,Pontiac,Montana,SkyBlue,41947
882,2007,Saab,05-Sep,OldLace,35075
883,2016,Ram,1500 Crew Cab,ForestGreen,21368
884,2014,Chevrolet,Spark EV,WhiteSmoke,1703
885,2008,Saab,9-7X,DarkSlateGray,53525
886,2010,Chevrolet,Tahoe,IndianRed,6247
887,1998,BMW,7 Series,Chocolate,36789
888,1995,Nissan,Pathfinder,LightGoldenRodYellow,19646
889,2005,Toyota,Corolla,LightSkyBlue,10522
890,2002,Chrysler,Prowler,BlanchedAlmond,16126
891,2011,Chevrolet,Suburban 2500,Linen,20308
892,1992,Chevrolet,Suburban 1500,BlanchedAlmond,50831
893,2020,Toyota,Avalon Hybrid,DarkCyan,33666
894,1996,GMC,Safari Passenger,LightGoldenRodYellow,28251
895,1995,Chevrolet,Lumina Cargo,Crimson,25416
896,1999,Chevrolet,Silverado 1500 Extended Cab,DarkCyan,32482
897,2006,Volvo,C70,PaleTurquoise,35739
898,2020,Mercedes-Benz,GLS,SeaShell,55145
899,2007,Nissan,Titan King Cab,Violet,23488
900,2012,Chevrolet,Silverado 2500 HD Crew Cab,Green,44513
901,2003,Chevrolet,Silverado 2500 Regular Cab,MintCream,19141
902,2014,Aston Martin,Rapide S,LightSalmon,30729
903,1994,INFINITI,Q,MediumTurquoise,29654
904,2012,Chevrolet,Express 1500 Cargo,Cyan,41746
905,2012,MINI,Roadster,LightSeaGreen,42345
906,1998,Nissan,Sentra,WhiteSmoke,5347
907,1998,Plymouth,Voyager,IndianRed,50424
908,2003,GMC,Yukon XL 1500,PaleTurquoise,52800
909,2002,Jaguar,S-Type,DarkViolet,56181
910,2013,BMW,3 Series,Orchid,6651
911,1999,Lexus,RX,PeachPuff,43332
912,2018,FIAT,500X,GreenYellow,19541
913,2006,Dodge,Caravan Passenger,DarkGray,19122
914,2019,Acura,MDX Sport Hybrid,DodgerBlue,25036
915,1999,Ford,F350 Super Duty Regular Cab,LightCoral,59346
916,2014,Acura,MDX,LightGray,1738
917,2010,GMC,Canyon Regular Cab,BlueViolet,6290
918,2003,Lincoln,Town Car,OldLace,56479
919,2017,Lincoln,MKZ,SandyBrown,22169
920,1992,Dodge,Stealth,DarkBlue,46047
921,2007,Audi,S8,WhiteSmoke,9977
922,1993,Nissan,Quest,RosyBrown,37924
923,2006,Chevrolet,Silverado 1500 HD Crew Cab,MediumBlue,24945
924,2001,Nissan,Altima,Gray,42821
925,1996,GMC,3500 Crew Cab,DarkTurquoise,52461
926,2015,Ford,Transit Connect Passenger,SlateBlue,15424
927,2007,Chevrolet,Aveo,LightYellow,55827
928,2014,Mercedes-Benz,GLK-Class,RoyalBlue,44382
929,2005,Ford,Explorer,Linen,7685
930,2004,GMC,Envoy XL,DarkRed,21710
931,2020,Land Rover,Range Rover Sport,LightSkyBlue,45353
932,2005,Chrysler,Crossfire,MediumTurquoise,56314
933,2015,Porsche,Cayman,Tomato,58474
934,2005,Nissan,Titan Crew Cab,DarkGoldenRod,25405
935,1992,Saab,9000,LightSalmon,52260
936,2004,GMC,Sierra 2500 Crew Cab,DarkGray,18511
937,2018,Audi,RS 7,MediumTurquoise,48490
938,2019,Hyundai,NEXO,Sienna,50850
939,2006,Chevrolet,Corvette,Orchid,20360
940,1996,Pontiac,Grand Am,MediumSpringGreen,56548
941,2007,Buick,LaCrosse,HoneyDew,49415
942,2018,BMW,3 Series,BurlyWood,41581
943,2009,Kia,Amanti,LightGoldenRodYellow,25833
944,2013,BMW,3 Series,Gold,7965
945,2020,Mercedes-Benz,CLA,DarkViolet,51102
946,2010,Chevrolet,Express 3500 Passenger,PaleGoldenRod,10817
947,1995,Lexus,GS,LightPink,49941
948,2012,Cadillac,Escalade EXT,SlateBlue,39077
949,2018,Ferrari,488 GTB,Gold,15357
950,1994,Mercury,Sable,MediumTurquoise,17210
951,1995,Plymouth,Acclaim,Maroon,19224
952,2002,Chrysler,Sebring,PowderBlue,5522
953,2012,Mercedes-Benz,GL-Class,SteelBlue,35311
954,1995,Suzuki,Esteem,SkyBlue,39898
955,2009,Kia,Rio,Blue,16813
956,2000,Volvo,S80,Black,1711
957,1993,Volvo,960,Lime,52420
958,2008,Aston Martin,DBS,Turquoise,39676
959,2001,Pontiac,Aztek,DimGray,28310
960,2009,Audi,S4,MediumTurquoise,1051
961,2015,Hyundai,Elantra,CornflowerBlue,24763
962,1996,Toyota,Celica,DarkCyan,27037
963,1994,GMC,Vandura 3500,DarkOliveGreen,13814
964,1994,Oldsmobile,Silhouette,Green,39893
965,2000,GMC,Sierra (Classic) 3500 Extended Cab,AntiqueWhite,20849
966,2015,Nissan,Murano,AliceBlue,43459
967,2011,Lexus,ES,DarkGoldenRod,30841
968,2008,Scion,xD,PaleVioletRed,29545
969,2008,Chevrolet,Suburban 1500,MediumSlateBlue,8869
970,2010,Mercedes-Benz,S-Class,RosyBrown,47368
971,1993,Toyota,Previa,White,29182
972,2013,Mercedes-Benz,SLK-Class,Maroon,29248
973,2011,Audi,A4,PaleGreen,56022
974,2015,BMW,X3,Chocolate,46672
975,2016,Mercedes-Benz,SLK,DarkGray,51097
976,1997,Mitsubishi,Eclipse,DarkRed,54726
977,1993,GMC,3500 Regular Cab,SlateBlue,8503
978,2015,Lexus,CT,DarkSalmon,19122
979,2011,Maybach,57,PaleGreen,55589
980,2016,Mercedes-Benz,Mercedes-AMG GT,DarkGray,21395
981,2013,Chevrolet,Spark,SeaGreen,6691
982,2002,Volkswagen,Jetta,OldLace,55995
983,1997,Dodge,Avenger,MistyRose,20138
984,2011,Acura,TSX,Plum,47451
985,2001,BMW,Z8,Chocolate,20774
986,2013,Mercedes-Benz,Sprinter 3500 Cargo,Turquoise,35861
987,2018,Ferrari,488 Spider,LawnGreen,7354
988,2000,Chevrolet,Malibu,Maroon,43993
989,2002,Chevrolet,Astro Cargo,Orchid,48527
990,2013,Nissan,LEAF,DarkCyan,57186
991,2002,Chevrolet,TrailBlazer,LightCyan,49022
992,2006,BMW,M5,IndianRed,6390
993,2008,Dodge,Ram 3500 Regular Cab,Coral,15921
994,1994,GMC,1500 Club Coupe,Olive,2120
995,1998,Mercury,Sable,WhiteSmoke,21911
996,2002,Kia,Sedona,ForestGreen,55638
997,2005,Pontiac,Grand Am,DarkViolet,52427
998,1993,MAZDA,Protege,SeaGreen,9432
999,2020,BMW,X7,DeepSkyBlue,47334
1000,2001,Chevrolet,Express 3500 Passenger,LimeGreen,16359
1001,2002,Jeep,Grand Cherokee,Gold,50508
1002,1994,Chevrolet,Camaro,SteelBlue,13697
1003,1993,Dodge,Ram Wagon B350,Purple,28389
1004,2017,MAZDA,MAZDA3,Tomato,53036
1005,2015,Honda,CR-Z,Chartreuse,16931
1006,2007,GMC,Sierra 3500 HD Extended Cab,Beige,59329
1007,2016,Mercedes-Benz,Mercedes-AMG GLE,MediumTurquoise,55098
1008,2010,Ford,F350 Super Duty Regular Cab,Linen,50366
1009,2014,GMC,Savana 3500 Cargo,Red,28815
1010,2015,Volkswagen,Passat,SaddleBrown,4762
1011,2003,Ford,Taurus,LightCyan,54822
1012,1998,Mitsubishi,Mirage,BurlyWood,47806
1013,2013,Toyota,Corolla,HotPink,5728
1014,2000,Chevrolet,Astro Passenger,NavajoWhite,3537
1015,2004,GMC,Canyon Extended Cab,Olive,1342
1016,2009,Ford,F250 Super Duty Crew Cab,Snow,45273
1017,1997,Subaru,Legacy,Tomato,33702
1018,1999,Isuzu,Amigo,BlanchedAlmond,41105
1019,2020,Honda,HR-V,SaddleBrown,15773
1020,2011,Mercedes-Benz,G-Class,LightPink,6536
1021,1998,Toyota,RAV4,SaddleBrown,24275
1022,2003,Chevrolet,Silverado 2500 Extended Cab,LemonChiffon,14466
1023,1992,Chevrolet,2500 Regular Cab,Yellow,37121
1024,1997,Nissan,Sentra,PowderBlue,41078
1025,2008,Lexus,RX,HotPink,31236
1026,1993,Dodge,Ram Van B250,White,31491
1027,2009,Toyota,RAV4,PowderBlue,31789
1028,2014,BMW,i8,Thistle,6024
1029,2012,Audi,Q7,MintCream,26756
1030,1997,Ford,F250 Crew Cab,DarkMagenta,48331
1031,1993,Suzuki,Samurai,LightCoral,41953
1032,1997,Honda,Odyssey,Azure,54511
1033,2007,Chevrolet,TrailBlazer,LightSlateGray,42295
1034,1997,Volvo,850,Purple,50519
1035,2000,Ford,Explorer,Tan,11121
1036,2009,Nissan,Frontier Crew Cab,SlateBlue,22356
1037,2010,Suzuki,SX4,Chocolate,45748
1038,2004,Volvo,S80,GhostWhite,46710
1039,2000,MAZDA,626,LightYellow,19604
1040,2011,Ford,Explorer,LightPink,45686
1041,2000,Toyota,Tacoma Xtracab,DarkOrange,22041
1042,2006,Toyota,Solara,Blue,8032
1043,2005,Chevrolet,Astro Cargo,CadetBlue,28550
1044,2000,GMC,Sierra (Classic) 3500 Crew Cab,Lime,24125
1045,2013,Ford,F150 Super Cab,SteelBlue,24715
1046,2012,Chevrolet,Silverado 3500 HD Extended Cab,DodgerBlue,30072
1047,2013,smart,fortwo,DeepSkyBlue,58357
1048,2014,Jeep,Wrangler,MediumVioletRed,15046
1049,2004,GMC,Sierra 1500 Extended Cab,LimeGreen,47706
1050,2017,Audi,A8,PaleTurquoise,17153
1051,2016,Honda,CR-Z,MintCream,47705
1052,1998,Subaru,Impreza,Crimson,50519
1053,2007,Chevrolet,Suburban 2500,MediumVioletRed,1309
1054,1996,Mercury,Grand Marquis,Blue,40108
1055,2003,Dodge,Intrepid,DarkSeaGreen,33613
1056,2016,Tesla,Model X,Gray,31437
1057,2016,Rolls-Royce,Dawn,MediumBlue,39109
1058,2000,Ford,Explorer,NavajoWhite,46057
1059,2014,Nissan,NV3500 HD Passenger,Bisque,13159
1060,2014,Toyota,Tundra Double Cab,OldLace,52784
1061,2008,Aston Martin,DBS,LavenderBlush,5163
1062,2017,Mercedes-Benz,Mercedes-AMG C-Class,DarkGreen,43381
1063,2001,Chrysler,Concorde,Fuchsia,49093
1064,1992,Geo,Prizm,DodgerBlue,41311
1065,2004,Ford,Explorer Sport Trac,Navy,11233
1066,2007,GMC,Sierra (Classic) 2500 HD Regular Cab,Teal,24514
1067,1998,Ford,F250 Regular Cab,MediumSeaGreen,29506
1068,2006,Chrysler,Town & Country,PapayaWhip,21533
1069,1995,Ford,Windstar Cargo,Lavender,42428
1070,1992,GMC,Vandura 2500,SteelBlue,16523
1071,1998,Chevrolet,Tahoe,DarkTurquoise,50316
1072,2006,Cadillac,SRX,MediumBlue,31270
1073,2011,Acura,MDX,Fuchsia,28272
1074,1997,Volvo,850,Green,57814
1075,2014,Chevrolet,Spark,MediumTurquoise,48893
1076,2016,Cadillac,ATS-V,LawnGreen,54266
1077,2005,Volvo,XC70,HotPink,30532
1078,2009,Chevrolet,Express 2500 Passenger,DarkOrange,27432
1079,2016,MAZDA,MX-5 Miata,FireBrick,37361
1080,2001,BMW,X5,AliceBlue,47069
1081,2017,BMW,X5 M,Maroon,53872
1082,1992,MAZDA,929,LawnGreen,59567
1083,2015,Lexus,LS,MediumBlue,15162
1084,2000,Dodge,Ram 3500 Regular Cab,Khaki,1247
1085,2001,BMW,Z3,Magenta,14130
1086,2001,Volkswagen,Passat (New),Moccasin,55893
1087,1994,Hyundai,Elantra,LightGreen,57593
1088,1995,Porsche,968,Indigo,46647
1089,2015,Chevrolet,Silverado 1500 Regular Cab,DarkGreen,37957
1090,2016,Ram,2500 Mega Cab,MistyRose,30817
1091,1995,Cadillac,Seville,Gold,27762
1092,2016,Dodge,Grand Caravan Passenger,GoldenRod,47298
1093,1998,MAZDA,MPV,Linen,24492
1094,2003,Chevrolet,Express 3500 Cargo,PowderBlue,57914
1095,2003,Ford,F150 Super Cab,LemonChiffon,59341
1096,2008,Chevrolet,Silverado 2500 HD Extended Cab,Teal,25362
1097,2002,Ford,Expedition,LightYellow,49384
1098,2010,Chevrolet,Traverse,PaleVioletRed,23109
1099,2018,Volkswagen,Beetle,MediumSlateBlue,11496
1100,2003,INFINITI,I,DodgerBlue,31887
1101,2018,GMC,Yukon,Red,44684
1102,1993,MAZDA,MX-5 Miata,SlateGray,19109
1103,2014,Honda,CR-V,GoldenRod,42425
1104,2000,Dodge,Viper,Beige,14445
1105,2014,Chevrolet,Silverado 2500 HD Regular Cab,Aquamarine,52055
1106,1998,Chevrolet,Monte Carlo,GhostWhite,11582
1107,2001,Pontiac,Bonneville,MediumTurquoise,18612
1108,2012,MINI,Convertible,DarkGoldenRod,57256
1109,2018,Rolls-Royce,Wraith,LightSeaGreen,4999
1110,2019,Ram,1500 Quad Cab,LightGreen,42289
1111,1995,Dodge,Stealth,LawnGreen,44425
1112,2018,Mercedes-Benz,Mercedes-AMG GLC,Coral,4702
1113,1992,Hyundai,Scoupe,MediumSlateBlue,47051
1114,2020,Porsche,Cayenne,DarkOrange,42247
1115,2019,Honda,Pilot,LightBlue,10327
1116,2007,Dodge,Caravan Passenger,DarkBlue,12206
1117,2013,Nissan,370Z,BlueViolet,43600
1118,1999,MAZDA,Protege,LightPink,15801
1119,2004,Dodge,Intrepid,PapayaWhip,48898
1120,2011,BMW,X5 M,Maroon,16095
1121,2001,Toyota,Tundra Access Cab,Aquamarine,14655
1122,2017,Mercedes-Benz,GLC,MediumSlateBlue,4571
1123,2011,Chevrolet,Express 2500 Cargo,SteelBlue,35927
1124,2017,Lexus,CT,LightSteelBlue,11529
1125,2004,Chevrolet,S10 Crew Cab,DarkGray,23019
1126,1994,Volvo,850,Pink,45617
1127,2002,Ford,Taurus,DarkSlateBlue,53052
1128,2015,Audi,Q3,Plum,3966
1129,2017,BMW,X4,DarkCyan,28190
1130,2018,Freightliner,Sprinter 3500 Cargo,Aqua,56104
1131,1996,Chevrolet,3500 Crew Cab,MediumAquaMarine,45592
1132,1995,Cadillac,Eldorado,LightSkyBlue,39635
1133,2020,Chevrolet,Corvette,Gainsboro,1617
1134,1998,Hyundai,Elantra,MintCream,37637
1135,2015,Audi,RS 5,SlateGray,59276
1136,2016,Mitsubishi,i-MiEV,Teal,39737
1137,2016,Land Rover,Range Rover Evoque,Salmon,16799
1138,1995,Geo,Metro,LightGreen,44417
1139,2010,Chevrolet,Silverado 1500 Crew Cab,Salmon,33124
1140,2020,Lexus,ES,Orange,44297
1141,2014,GMC,Acadia,FireBrick,54112
1142,1994,Ford,Bronco,LightCoral,40653
1143,2008,Toyota,Sienna,PaleGreen,54407
1144,1993,Ford,Mustang,YellowGreen,42560
1145,2010,Toyota,Tundra CrewMax,Silver,20068
1146,2013,Subaru,Legacy,Snow,26590
1147,1996,BMW,Z3,Tan,13170
1148,2016,GMC,Acadia,Sienna,36706
1149,2004,Suzuki,Verona,Aquamarine,52146
1150,2004,Jeep,Liberty,DarkOrchid,31419
1151,2001,Pontiac,Montana,Tan,50771
1152,2016,Dodge,Viper,Olive,54637
1153,2010,Nissan,cube,LightGoldenRodYellow,58932
1154,2013,Dodge,Durango,LightSalmon,44344
1155,2003,Subaru,Impreza,DeepSkyBlue,5394
1156,1994,Chevrolet,Lumina Cargo,Violet,22312
1157,1995,GMC,Rally Wagon G3500,Orchid,56604
1158,1999,Ford,F250 Super Duty Super Cab,FireBrick,28396
1159,2004,Volkswagen,R32,LightGreen,13989
1160,1993,Toyota,Regular Cab,MediumSlateBlue,49266
1161,2000,Ford,Ranger Super Cab,ForestGreen,38008
1162,2004,Ford,Escape,GreenYellow,15638
1163,2018,Toyota,Corolla iM,DarkCyan,29667
1164,2017,Buick,LaCrosse,IndianRed,19153
1165,2001,Mercury,Cougar,PaleGreen,31676
1166,2017,Kia,K900,Silver,51011
1167,2012,Jaguar,XJ,LightSkyBlue,46221
1168,2004,Porsche,Boxster,DarkOrange,1492
1169,2006,Cadillac,Escalade,ForestGreen,17989
1170,1995,Mercedes-Benz,C-Class,Linen,11915
1171,2009,Toyota,4Runner,HotPink,36841
1172,2006,Mitsubishi,Endeavor,LemonChiffon,21531
1173,1995,Oldsmobile,98,DeepSkyBlue,3687
1174,2012,Chevrolet,Silverado 1500 Regular Cab,DarkGreen,56053
1175,1994,Toyota,Xtra Cab,LightSkyBlue,19405
1176,2001,HUMMER,H1,OliveDrab,28273
1177,2013,Ford,E350 Super Duty Passenger,MintCream,19393
1178,2019,Mercedes-Benz,Mercedes-AMG CLS,DarkMagenta,53261
1179,1996,Isuzu,Hombre Regular Cab,MintCream,40485
1180,2018,Mitsubishi,Mirage G4,SkyBlue,51491
1181,1998,Mercedes-Benz,SLK-Class,Navy,16056
1182,2009,Hyundai,Elantra,Plum,45958
1183,2004,Jaguar,XJ,GoldenRod,40813
1184,2018,Toyota,Sequoia,PapayaWhip,37923
1185,2012,MINI,Convertible,Cornsilk,17570
1186,1993,Audi,100,WhiteSmoke,15931
1187,2006,Scion,xB,DarkSlateBlue,42888
1188,2005,GMC,Savana 3500 Cargo,MediumSpringGreen,3430
1189,2000,BMW,5 Series,Silver,28933
1190,2015,Nissan,NV200 Taxi,Moccasin,59519
1191,2008,Acura,TL,OrangeRed,46926
1192,2005,Chrysler,Pacifica,Silver,14147
1193,2015,Chevrolet,Silverado 2500 HD Crew Cab,Cornsilk,18866
1194,2020,Honda,Passport,DarkRed,42767
1195,2010,Lotus,Evora,Teal,47407
1196,2012,Honda,CR-Z,PaleGreen,46442
1197,1997,Ford,Expedition,GhostWhite,17490
1198,1993,GMC,2500 Regular Cab,Gainsboro,10993
1199,2002,Porsche,Boxster,SkyBlue,37662
1200,2009,Kia,Sportage,RosyBrown,15521
1201,2012,GMC,Savana 1500 Cargo,MintCream,40812
1202,2017,Buick,LaCrosse,DarkGoldenRod,47968
1203,2002,Lexus,ES,YellowGreen,30592
1204,2000,Dodge,Ram Wagon 1500,GreenYellow,17145
1205,2020,Jeep,Wrangler,FireBrick,9910
1206,2008,Subaru,Tribeca,SlateBlue,47882
1207,1998,GMC,Savana 3500 Cargo,Sienna,11324
1208,2006,Dodge,Stratus,BurlyWood,44547
1209,2003,Cadillac,DeVille,Plum,28945
1210,1992,Volkswagen,Corrado,LightSeaGreen,17049
1211,2008,Ford,Explorer,DarkBlue,51344
1212,2015,Subaru,WRX,Navy,1772
1213,2017,Aston Martin,Vantage,Silver,18034
1214,2015,Freightliner,Sprinter 3500 Cargo,LightCyan,21543
1215,2020,Subaru,Forester,Thistle,39635
1216,2012,Ford,Flex,MistyRose,34818
1217,2017,Volkswagen,CC,LightSteelBlue,48056
1218,1998,Chevrolet,2500 Regular Cab,DarkKhaki,50996
1219,2007,Saturn,Outlook,SkyBlue,27766
1220,1997,Hyundai,Elantra,IndianRed,52813
1221,2016,Chrysler,300,MediumVioletRed,58403
1222,2019,Mercedes-Benz,Mercedes-AMG C-Class,RoyalBlue,18463
1223,2019,Nissan,Rogue,MediumTurquoise,47243
1224,2010,Chrysler,Sebring,DarkKhaki,47793
1225,1999,Honda,Accord,Bisque,38620
1226,2003,Pontiac,Aztek,Blue,25757
1227,2014,Mercedes-Benz,SLS-Class,Black,24774
1228,2015,BMW,3 Series,MediumSeaGreen,8910
1229,2003,Hyundai,Elantra,SpringGreen,55194
1230,1994,Plymouth,Voyager,PapayaWhip,51511
1231,2007,Hyundai,Entourage,Thistle,50561
1232,2005,Ford,Thunderbird,Black,1857
1233,2004,Volkswagen,Jetta,Gold,36025
1234,2014,Ram,3500 Mega Cab,DarkGreen,14082
1235,2004,Ford,F250 Super Duty Super Cab,DarkSlateBlue,38213
1236,1999,Chevrolet,Express 3500 Cargo,GreenYellow,18916
1237,2010,Acura,MDX,MediumAquaMarine,6480
1238,2009,Toyota,Tundra Regular Cab,LightSalmon,23652
1239,2014,Audi,RS 7,SkyBlue,57536
1240,2002,Dodge,Ram 3500 Regular Cab,DarkSlateGray,38655
1241,2000,Kia,Sephia,Sienna,27039
1242,2013,GMC,Savana 3500 Passenger,Lavender,44000
1243,1995,Toyota,Tacoma Xtracab,MediumPurple,3771
1244,2015,Chevrolet,Silverado 3500 HD Crew Cab,Blue,46573
1245,2009,Maserati,GranTurismo,DeepSkyBlue,44921
1246,2002,Jeep,Grand Cherokee,DarkOrchid,27682
1247,2012,Lexus,CT,Silver,17444
1248,2017,Nissan,Sentra,Orchid,45837
1249,2007,Acura,MDX,SpringGreen,42076
1250,2018,Ford,F350 Super Duty Regular Cab,LightSeaGreen,39783
1251,2003,Chevrolet,S10 Regular Cab,CornflowerBlue,58415
1252,1992,Pontiac,Bonneville,MediumVioletRed,31843
1253,2009,Dodge,Dakota Crew Cab,LavenderBlush,22007
1254,2006,Mercedes-Benz,SLK-Class,Beige,9706
1255,2019,Chevrolet,Silverado 1500 Double Cab,DarkRed,16814
1256,2004,Chevrolet,Silverado 3500 Extended Cab,DarkSlateBlue,10891
1257,1993,Mitsubishi,Mighty Max Regular Cab,LightPink,47762
1258,2012,Volkswagen,CC,PaleVioletRed,3829
1259,2012,Toyota,RAV4,Gainsboro,52244
1260,2019,Volkswagen,Jetta,Linen,12335
1261,2018,Maserati,Quattroporte,SandyBrown,30886
1262,2014,Nissan,NV3500 HD Passenger,Black,48674
1263,2019,Audi,A6,LightSalmon,50539
1264,2012,Volkswagen,Jetta,White,1729
1265,1993,Cadillac,Eldorado,LightCoral,9950
1266,1993,Ford,Probe,WhiteSmoke,4592
1267,2019,Kia,Soul,OldLace,25675
1268,2019,Mercedes-Benz,C-Class,FloralWhite,22244
1269,2019,Kia,Niro EV,DarkSlateGray,24034
1270,2000,Audi,A8,WhiteSmoke,8098
1271,1992,GMC,3500 Regular Cab,DarkOliveGreen,49182
1272,2014,Cadillac,ELR,YellowGreen,29715
1273,2011,Audi,A4,Plum,51566
1274,2013,Hyundai,Elantra,Tomato,44228
1275,2004,Audi,A8,LightSkyBlue,43238
1276,2020,Nissan,Rogue,MediumPurple,54135
1277,2020,Porsche,Panamera,LawnGreen,18839
1278,2007,GMC,Sierra 2500 HD Regular Cab,ForestGreen,39159
1279,2019,Nissan,Pathfinder,DarkOliveGreen,21867
1280,2017,Chevrolet,Impala,MediumVioletRed,23023
1281,2004,Lincoln,Town Car,HoneyDew,45847
1282,2001,MAZDA,Tribute,SandyBrown,10763
1283,2011,Ford,Expedition,LightBlue,5047
1284,2011,Mercury,Grand Marquis,LawnGreen,43077
1285,2001,Ford,Explorer,LightYellow,15198
1286,2000,Chevrolet,Suburban 2500,Black,3487
1287,2011,Ram,3500 Crew Cab,Blue,6108
1288,2003,Toyota,RAV4,BlueViolet,49572
1289,1998,Dodge,Ram Wagon 3500,DarkSlateBlue,39245
1290,1998,Volvo,V90,Cyan,19087
1291,2014,Lexus,RX,Olive,35791
1292,2005,Nissan,Maxima,PaleTurquoise,12338
1293,2015,Audi,allroad,LightSlateGray,51626
1294,2013,Ford,Flex,Gold,13840
1295,2000,Dodge,Ram Van 2500,DeepPink,21147
1296,2017,Ford,F150 SuperCrew Cab,Coral,37628
1297,1997,GMC,Suburban 1500,Yellow,27916
1298,2017,FIAT,500e,PapayaWhip,32911
1299,2012,Chevrolet,Cruze,ForestGreen,20031
1300,1997,Isuzu,Rodeo,Red,14272
1301,2005,Chrysler,Crossfire,Plum,42493
1302,2015,Lincoln,MKT,Aquamarine,34571
1303,1994,Ford,Mustang,Tan,40467
1304,2017,Lexus,RC,OliveDrab,47796
1305,2016,Chevrolet,Corvette,PaleTurquoise,35902
1306,1999,Mitsubishi,Eclipse,PaleGreen,22832
1307,2018,GMC,Sierra 2500 HD Regular Cab,LightSkyBlue,47314
1308,1992,Chrysler,Fifth Ave,LightCyan,8956
1309,2007,Chevrolet,Silverado 2500 HD Extended Cab,Teal,18654
1310,2008,Lincoln,Navigator L,DarkKhaki,29446
1311,1999,Lexus,RX,Purple,47306
1312,2009,Hyundai,Azera,Crimson,21780
1313,2004,Toyota,Land Cruiser,MediumSpringGreen,23486
1314,2005,Honda,Pilot,AntiqueWhite,45741
1315,2014,Mercedes-Benz,E-Class,LavenderBlush,54041
1316,1992,GMC,Vandura 1500,DodgerBlue,17494
1317,2018,Ferrari,812 Superfast,DarkMagenta,36154
1318,2017,Mercedes-Benz,Mercedes-AMG GLC,DeepPink,22314
1319,2004,Mitsubishi,Montero Sport,MediumSeaGreen,29695
1320,2015,Volkswagen,Golf GTI,Purple,34241
1321,2011,Suzuki,Equator Extended Cab,Gray,55557
1322,2001,Honda,Accord,Brown,7318
1323,1998,Pontiac,Sunfire,BlanchedAlmond,46189
1324,2003,Chrysler,Concorde,LightGoldenRodYellow,27996
1325,2016,Chevrolet,Corvette,DarkCyan,45088
1326,2014,Nissan,Versa,MintCream,2384
1327,1998,BMW,M3,Tan,18444
1328,2008,Hyundai,Elantra,MediumVioletRed,29043
1329,2003,Chevrolet,Venture Cargo,PowderBlue,20225
1330,1993,Chevrolet,Suburban 2500,PapayaWhip,50299
1331,2013,Toyota,Prius Plug-in Hybrid,FireBrick,42286
1332,2000,Subaru,Outback,Silver,42427
1333,2001,INFINITI,QX,Red,44636
1334,2008,Lincoln,Navigator,DarkGreen,8297
1335,1997,Dodge,Ram 3500 Regular Cab,Snow,54033
1336,2007,Honda,S2000,DarkSlateBlue,24554
1337,2003,Dodge,Grand Caravan Passenger,WhiteSmoke,38486
1338,1993,Mercury,Sable,Teal,28291
1339,2010,Kia,Sedona,Bisque,53423
1340,1993,MAZDA,929,Teal,2002
1341,2004,Chevrolet,Suburban 1500,Gold,23468
1342,2017,Audi,S6,YellowGreen,43833
1343,1999,MAZDA,Millenia,SeaGreen,14864
1344,2006,GMC,Sierra 1500 Regular Cab,NavajoWhite,49541
1345,2000,Mitsubishi,Diamante,BurlyWood,57550
1346,2012,Volkswagen,CC,LightGreen,49012
1347,2017,GMC,Savana 2500 Passenger,Orchid,53124
1348,1998,Mitsubishi,Diamante,PeachPuff,53301
1349,2000,Mitsubishi,Eclipse,WhiteSmoke,38610
1350,2013,Hyundai,Santa Fe,Maroon,10153
1351,2002,Acura,NSX,Lavender,32418
1352,2004,Toyota,Solara,LightGray,56016
1353,2011,Jeep,Patriot,Plum,31339
1354,1999,Cadillac,DeVille,DarkTurquoise,13355
1355,2017,Mercedes-Benz,Mercedes-AMG GT,Wheat,2552
1356,2001,Volkswagen,Passat,Turquoise,32926
1357,2013,Nissan,NV1500 Cargo,Tomato,15393
1358,2013,Nissan,Altima,Blue,30740
1359,2006,Toyota,Tundra Access Cab,LightSkyBlue,13962
1360,2002,BMW,7 Series,DarkBlue,27609
1361,1993,Oldsmobile,Cutlass Supreme,DodgerBlue,14804
1362,2001,Chevrolet,Cavalier,DodgerBlue,56999
1363,2018,Ford,Transit 150 Van,LightSkyBlue,51776
1364,2008,Hyundai,Accent,Purple,59197
1365,1997,BMW,5 Series,Aqua,5680
1366,2019,Toyota,Corolla Hatchback,Fuchsia,2772
1367,2016,Subaru,WRX,Linen,39509
1368,2010,Volvo,XC90,BlueViolet,9142
1369,2013,Buick,Regal,LightSlateGray,5967
1370,2010,Nissan,Titan Crew Cab,GoldenRod,25327
1371,1994,Toyota,Paseo,Tan,9799
1372,2018,BMW,M2,BlanchedAlmond,24506
1373,2013,Chevrolet,Silverado 3500 HD Regular Cab,OliveDrab,51301
1374,2003,Honda,Insight,SpringGreen,43027
1375,2006,Lexus,IS,AliceBlue,54896
1376,2013,Buick,Enclave,Sienna,8355
1377,1992,Nissan,King Cab,MediumAquaMarine,9958
1378,2008,GMC,Sierra 3500 HD Regular Cab,LightSkyBlue,55319
1379,2018,Dodge,Charger,SeaShell,33454
1380,2005,Toyota,Tacoma Double Cab,FireBrick,27145
1381,2015,Jeep,Patriot,LavenderBlush,42071
1382,1995,Chevrolet,1500 Regular Cab,Teal,5748
1383,2016,Lexus,ES,SandyBrown,48602
1384,2000,Chevrolet,Tahoe (New),Plum,27869
1385,1999,Chevrolet,Astro Cargo,WhiteSmoke,15507
1386,2007,Dodge,Nitro,DarkViolet,36765
1387,2014,BMW,M5,Yellow,9583
1388,2013,Ford,E150 Passenger,ForestGreen,6456
1389,2010,Suzuki,Kizashi,Plum,7024
1390,2017,Tesla,Model S,Khaki,20573
1391,1998,Honda,Odyssey,GoldenRod,40585
1392,2009,Land Rover,LR3,Lime,19068
1393,1995,Volkswagen,Cabrio,Red,57025
1394,2008,Ferrari,F430,MistyRose,48509
1395,2013,Scion,iQ,DarkSlateBlue,37147
1396,2009,Subaru,Tribeca,MediumBlue,37929
1397,2007,Toyota,Tundra Regular Cab,Linen,56209
1398,2006,Mercury,Montego,Aqua,41382
1399,2009,Nissan,Xterra,PaleGreen,42441
1400,2010,Ford,Ranger Regular Cab,MediumSpringGreen,57212
1401,2012,Ford,F250 Super Duty Super Cab,MediumOrchid,13578
1402,2010,Nissan,GT-R,HoneyDew,18292
1403,2015,Freightliner,Sprinter 3500 Cargo,SeaGreen,16779
1404,1993,Toyota,Camry,PapayaWhip,10717
1405,2010,Mercedes-Benz,GLK-Class,White,9651
1406,1999,Hyundai,Sonata,LimeGreen,5847
1407,2012,Ford,F150 SuperCrew Cab,HotPink,19614
1408,1992,Saab,900,PaleGoldenRod,28216
1409,1998,Volkswagen,New Beetle,MintCream,45546
1410,2004,Nissan,Titan King Cab,Peru,45102
1411,2008,Ford,F450 Super Duty Crew Cab,Gold,1823
1412,1993,MAZDA,323,DarkSlateBlue,41194
1413,1994,BMW,8 Series,Snow,29088
1414,1998,Hyundai,Accent,DarkOrchid,39699
1415,1999,Dodge,Ram Wagon 3500,Tomato,36246
1416,2018,Lexus,RC,HoneyDew,54563
1417,2004,Pontiac,GTO,MintCream,17369
1418,2002,GMC,Sierra 2500 HD Extended Cab,LightSkyBlue,45638
1419,2007,Dodge,Sprinter 3500 Cargo,DarkSalmon,25863
1420,1997,Subaru,Impreza,PapayaWhip,10994
1421,2005,Nissan,Pathfinder,CornflowerBlue,52113
1422,2019,Honda,Accord,Gray,40098
1423,2010,Chrysler,PT Cruiser,Gold,55805
1424,2020,Chevrolet,Equinox,Snow,45678
1425,2019,Volkswagen,Golf R,Pink,26566
1426,2014,Chevrolet,Cruze,FloralWhite,25528
1427,1994,MAZDA,B-Series Regular Cab,DarkGoldenRod,29058
1428,1999,Chevrolet,Silverado 1500 Extended Cab,DeepPink,32120
1429,2015,MINI,Countryman,LightSkyBlue,51331
1430,2001,Daewoo,Nubira,OldLace,22237
1431,2009,Toyota,FJ Cruiser,ForestGreen,10140
1432,2006,Honda,Odyssey,Gainsboro,57077
1433,2001,Dodge,Ram Van 1500,Violet,20936
1434,2019,Lexus,GX,Yellow,40317
1435,2008,Volvo,XC70,LemonChiffon,36837
1436,2001,Toyota,4Runner,Khaki,55451
1437,1999,Mercury,Villager,Lavender,6784
1438,1992,Ford,Thunderbird,MediumVioletRed,36488
1439,1999,Oldsmobile,Aurora,MintCream,48796
1440,2002,Dodge,Ram 2500 Regular Cab,CadetBlue,15366
1441,1992,Daihatsu,Rocky,Gray,54839
1442,2014,Bentley,Continental,Indigo,2365
1443,2017,Chevrolet,Equinox,GhostWhite,2005
1444,2006,Chevrolet,Silverado 1500 Extended Cab,DarkBlue,31382
1445,2011,Chrysler,Town & Country,DarkGreen,26111
1446,2008,Chevrolet,Silverado 1500 Crew Cab,DarkRed,5520
1447,2015,Ram,3500 Mega Cab,Gainsboro,8587
1448,2002,Saab,03-Sep,CornflowerBlue,56822
1449,2009,Mercury,Milan,CornflowerBlue,13173
1450,2015,Chevrolet,Cruze,HotPink,19616
1451,2011,BMW,7 Series,PaleGreen,14945
1452,2017,MAZDA,CX-3,CadetBlue,41812
1453,2004,Volkswagen,Golf,MediumOrchid,9111
1454,2017,Toyota,Sienna,PaleGreen,6212
1455,2013,Mercedes-Benz,Sprinter 2500 Cargo,LightSlateGray,48079
1456,2013,Ferrari,California,Green,47782
1457,1995,Chevrolet,2500 Extended Cab,Silver,6853
1458,2018,smart,fortwo electric drive cabrio,BlueViolet,35414
1459,2011,Cadillac,Escalade,ForestGreen,16308
1460,2007,GMC,Sierra (Classic) 1500 Extended Cab,Thistle,49407
1461,2014,Cadillac,ELR,MediumVioletRed,58566
1462,2004,Toyota,Tundra Access Cab,DarkViolet,52961
1463,2013,Honda,CR-V,LightGreen,6491
1464,2007,Mercedes-Benz,CLK-Class,Teal,27248
1465,1993,Mitsubishi,Montero,MediumSlateBlue,2394
1466,2004,Ford,F150 SuperCrew Cab,DarkOrchid,21066
1467,2012,BMW,X5 M,LightSalmon,24853
1468,2007,Subaru,Impreza,Silver,56599
1469,2000,Porsche,Boxster,YellowGreen,31762
1470,2009,Mercedes-Benz,CLK-Class,Moccasin,12013
1471,2019,Toyota,Avalon Hybrid,IndianRed,14479
1472,2010,GMC,Sierra 2500 HD Crew Cab,HoneyDew,5697
1473,2019,MAZDA,CX-9,White,55647
1474,2004,GMC,Savana 2500 Passenger,Orange,59888
1475,2000,GMC,Sierra (Classic) 3500 Regular Cab,FloralWhite,34062
1476,2008,Dodge,Ram 1500 Quad Cab,Khaki,55412
1477,2011,Mitsubishi,Outlander,MediumOrchid,27324
1478,1999,GMC,1500 Club Coupe,Lavender,30296
1479,1997,Chevrolet,Astro Passenger,DarkViolet,15755
1480,1999,GMC,Sierra 2500 Extended Cab,Silver,40270
1481,1994,GMC,Rally Wagon 2500,SeaShell,36530
1482,2019,GMC,Sierra 1500 Crew Cab,FloralWhite,38117
1483,2015,BMW,7 Series,BlueViolet,53465
1484,1992,Oldsmobile,98,Purple,53062
1485,2017,Nissan,JUKE,FloralWhite,29782
1486,2007,Toyota,Land Cruiser,DarkViolet,2676
1487,2003,Toyota,Highlander,Yellow,1066
1488,2017,Ford,C-MAX Energi,Aquamarine,54969
1489,1992,Lexus,ES,PeachPuff,9101
1490,2010,Ferrari,California,GhostWhite,48018
1491,1995,Eagle,Talon,SlateBlue,56360
1492,2014,GMC,Sierra 1500 Crew Cab,OliveDrab,38456
1493,2007,Hyundai,Veracruz,DarkBlue,25636
1494,2018,FIAT,500X,Coral,12531
1495,2004,Nissan,Pathfinder,DarkKhaki,29306
1496,2000,Chevrolet,Express 3500 Passenger,HotPink,5932
1497,2016,Acura,RDX,LavenderBlush,6044
1498,2018,Mercedes-Benz,Mercedes-AMG GLE,Tomato,8652
1499,1992,Dodge,Spirit,DarkGray,54060
1500,2010,Ford,E350 Super Duty Cargo,PaleGoldenRod,43701
1501,2004,GMC,Canyon Regular Cab,Tomato,17505
1502,1996,Toyota,Supra,MediumPurple,23365
1503,2016,FIAT,500 Abarth,Aqua,34690
1504,1993,Nissan,Maxima,GoldenRod,20719
1505,2019,Toyota,Mirai,LightGoldenRodYellow,41568
1506,2017,Chrysler,300,Teal,16655
1507,2006,Lamborghini,Murcielago,PowderBlue,44200
1508,2020,BMW,3 Series,Moccasin,19437
1509,1998,Lincoln,Navigator,SeaShell,34510
1510,2010,Lincoln,MKX,Salmon,38256
1511,2001,Jaguar,XK,PaleVioletRed,10794
1512,1999,GMC,1500 Club Coupe,Moccasin,50390
1513,2003,Audi,A6,Khaki,3229
1514,2008,Pontiac,G6,MidnightBlue,18916
1515,2013,Volkswagen,CC,LightSalmon,17403
1516,1994,Mercury,Cougar,OliveDrab,12329
1517,2003,Mercury,Grand Marquis,SandyBrown,8848
1518,2004,BMW,X3,Gainsboro,11344
1519,2013,Ford,Flex,Aqua,39143
1520,2015,Chevrolet,Impala,Linen,54338
1521,2005,Chevrolet,Express 3500 Cargo,SlateBlue,48462
1522,2006,Hyundai,Sonata,MintCream,31804
1523,2013,Chevrolet,Spark,Aqua,54187
1524,1999,Dodge,Grand Caravan Passenger,Orange,26734
1525,2010,Chevrolet,Express 1500 Cargo,LavenderBlush,41763
1526,1997,Chevrolet,Camaro,LightPink,14884
1527,2009,Hyundai,Tucson,DarkRed,6512
1528,2018,Freightliner,Sprinter WORKER Cargo,MediumSeaGreen,18149
1529,2019,Nissan,Titan Crew Cab,GhostWhite,11358
1530,2018,GMC,Sierra 3500 HD Double Cab,DarkGray,31367
1531,2013,Subaru,Outback,Olive,6928
1532,2006,Land Rover,LR3,Linen,57255
1533,1993,Acura,Legend,Orange,13475
1534,2005,Mitsubishi,Lancer,HoneyDew,35683
1535,1994,Eagle,Talon,Maroon,10558
1536,1995,MAZDA,B-Series Regular Cab,Chartreuse,58774
1537,1995,Mercury,Tracer,Aquamarine,59977
1538,1993,GMC,2500 Regular Cab,DarkOliveGreen,29830
1539,2001,Chevrolet,Silverado 2500 HD Crew Cab,Moccasin,9297
1540,1994,INFINITI,G,Violet,57333
1541,2011,Volvo,XC70,Brown,21114
1542,2017,Mercedes-Benz,Mercedes-AMG GLC Coupe,Indigo,56122
1543,2005,Chevrolet,Malibu,Olive,37579
1544,1994,Mitsubishi,Diamante,DimGray,50178
1545,2007,Ford,Ranger Regular Cab,Lavender,39425
1546,2019,Land Rover,Range Rover Evoque,MediumSpringGreen,3459
1547,2016,Mercedes-Benz,Mercedes-AMG GLE,Silver,49397
1548,1992,Lexus,LS,DarkBlue,54833
1549,2016,Ford,Explorer,MediumOrchid,42141
1550,2005,Saturn,Ion,LightPink,13980
1551,2010,Honda,Civic,Plum,14371
1552,2005,Ford,F350 Super Duty Super Cab,LimeGreen,41796
1553,2016,Nissan,LEAF,DarkCyan,43485
1554,2002,Mercedes-Benz,G-Class,Lime,23640
1555,1992,Chevrolet,APV Cargo,DarkGoldenRod,33345
1556,2012,MAZDA,CX-9,DarkTurquoise,22796
1557,2008,Chevrolet,Silverado 2500 HD Crew Cab,BlueViolet,26480
1558,2018,Honda,Clarity Fuel Cell,BurlyWood,27653
1559,2016,Jeep,Patriot,Moccasin,2853
1560,2010,INFINITI,G,BurlyWood,7913
1561,2011,MAZDA,MAZDA3,IndianRed,30909
1562,2020,Toyota,Corolla Hatchback,LimeGreen,52277
1563,1995,Ford,Crown Victoria,Aquamarine,2195
1564,1998,Chrysler,Town & Country,DarkGoldenRod,36358
1565,2004,Kia,Optima,YellowGreen,13616
1566,1999,Toyota,Tacoma Regular Cab,DarkRed,46907
1567,1996,Mercedes-Benz,S-Class,ForestGreen,21306
1568,1992,MAZDA,Protege,Cornsilk,47739
1569,2003,Honda,S2000,Peru,17794
1570,2009,Saturn,VUE,AliceBlue,6963
1571,2001,Ford,Windstar Cargo,MediumSeaGreen,59081
1572,2008,Maybach,62,PaleGoldenRod,52497
1573,1993,Chevrolet,Lumina APV,HotPink,13483
1574,2007,Jeep,Patriot,LightCoral,6686
1575,1997,Cadillac,DeVille,ForestGreen,4997
1576,2015,BMW,7 Series,MediumTurquoise,58683
1577,2018,Alfa Romeo,4C,PapayaWhip,23177
1578,2010,Dodge,Caliber,Thistle,7113
1579,1992,Suzuki,Samurai,LightGoldenRodYellow,41776
1580,2010,Mercedes-Benz,CL-Class,MediumAquaMarine,16641
1581,1997,Honda,del Sol,CornflowerBlue,36749
1582,1998,Buick,LeSabre,DeepPink,21623
1583,2008,Subaru,Legacy,FireBrick,35616
1584,2020,Hyundai,Kona Electric,MistyRose,41879
1585,2019,Nissan,NV2500 HD Cargo,Moccasin,55950
1586,2006,Toyota,Highlander,Gainsboro,10969
1587,2017,Mercedes-Benz,Metris WORKER Cargo,NavajoWhite,47139
1588,2007,Nissan,Pathfinder,LightYellow,49725
1589,2012,Toyota,4Runner,Snow,39090
1590,2002,INFINITI,I,PeachPuff,9393
1591,2000,Chevrolet,Tracker,MediumSlateBlue,50285
1592,1993,BMW,5 Series,RosyBrown,52080
1593,1997,GMC,3500 Club Coupe,Green,4894
1594,2001,Kia,Sephia,LightGreen,10291
1595,2012,Audi,TT,DarkViolet,25877
1596,1998,Dodge,Ram Van 1500,SandyBrown,41657
1597,2013,Volkswagen,CC,Azure,7661
1598,2016,BMW,6 Series,MediumSlateBlue,46530
1599,2008,Isuzu,Ascender,Gold,46623
1600,2006,Lamborghini,Gallardo,LawnGreen,46106
1601,2019,Nissan,Rogue,SkyBlue,46202
1602,2019,Kia,Niro EV,LimeGreen,1968
1603,2017,Chevrolet,SS,Linen,42014
1604,2009,Mercedes-Benz,CLS-Class,Salmon,35797
1605,2000,GMC,Sierra (Classic) 3500 Regular Cab,DarkGoldenRod,31535
1606,2009,Chrysler,300,DarkOliveGreen,6895
1607,2008,GMC,Savana 2500 Passenger,PaleVioletRed,4656
1608,2017,Nissan,Pathfinder,LightYellow,11640
1609,2020,Land Rover,Discovery Sport,OrangeRed,32173
1610,2014,Volkswagen,Touareg,Fuchsia,45104
1611,2012,Kia,Rio,AliceBlue,40709
1612,2010,Ford,Ranger Regular Cab,Coral,50496
1613,2019,Hyundai,Santa Fe,BlueViolet,58843
1614,1996,Ford,Econoline E250 Cargo,Olive,50629
1615,1996,Acura,NSX,DarkSlateGray,50717
1616,1994,GMC,Vandura 2500,Aqua,6453
1617,2008,GMC,Sierra 1500 Crew Cab,PaleGoldenRod,49317
1618,2013,Hyundai,Sonata,Snow,18590
1619,2002,MAZDA,Protege,OldLace,6908
1620,2012,Porsche,Cayman,FloralWhite,16606
1621,2000,GMC,Envoy,Linen,48921
1622,2020,Nissan,Rogue,DarkSalmon,16110
1623,1992,GMC,Suburban 2500,MediumOrchid,38904
1624,2014,Chevrolet,Sonic,PaleGreen,4481
1625,2018,Ford,Fusion Energi,BlueViolet,45182
1626,1992,Dodge,Dakota Club Cab,MistyRose,11235
1627,1993,Buick,Riviera,Gray,45274
1628,2006,Hyundai,Tiburon,Maroon,38069
1629,2002,Isuzu,Axiom,DarkSeaGreen,54394
1630,2001,Chevrolet,Silverado 2500 Regular Cab,DarkBlue,49474
1631,1995,Acura,Legend,DarkGray,43638
1632,2015,Lamborghini,Huracan,SandyBrown,9233
1633,2008,Hyundai,Accent,MidnightBlue,5523
1634,1999,Isuzu,Oasis,Azure,6017
1635,2011,GMC,Sierra 2500 HD Crew Cab,GreenYellow,3351
1636,1994,Ford,Taurus,Silver,59450
1637,2011,Jeep,Patriot,PaleTurquoise,51315
1638,2012,Acura,RDX,LightCoral,49862
1639,1997,GMC,2500 Club Coupe,Navy,56633
1640,2010,Ford,Mustang,RoyalBlue,56422
1641,2018,Nissan,TITAN XD King Cab,LightYellow,44053
1642,2008,BMW,Alpina B7,GreenYellow,50200
1643,2009,BMW,3 Series,WhiteSmoke,2429
1644,2004,Volkswagen,Touareg,DarkOliveGreen,39521
1645,2008,Ferrari,599 GTB Fiorano,Salmon,53244
1646,2002,MAZDA,Protege5,WhiteSmoke,51826
1647,2001,GMC,Safari Cargo,Salmon,26305
1648,1992,Toyota,Previa,Black,3754
1649,1993,Toyota,Land Cruiser,Azure,33912
1650,2018,BMW,X4,Moccasin,13690
1651,2017,Volkswagen,Jetta,IndianRed,50770
1652,1995,Ford,Contour,GhostWhite,25987
1653,2016,Mercedes-Benz,Mercedes-AMG GT,MidnightBlue,31765
1654,2004,GMC,Savana 2500 Passenger,FloralWhite,13603
1655,2018,Chevrolet,Corvette,Teal,45912
1656,1996,Saab,900,LawnGreen,21974
1657,2018,Nissan,Frontier Crew Cab,MediumSpringGreen,22610
1658,2016,Acura,MDX,Wheat,9790
1659,2002,Dodge,Ram Van 2500,DodgerBlue,41706
1660,1998,Ford,Escort,Pink,28577
1661,1995,Dodge,Caravan Passenger,DodgerBlue,46873
1662,1996,Volkswagen,Passat,Ivory,39289
1663,2018,Jaguar,XF,Peru,46881
1664,1998,Suzuki,Esteem,Magenta,19588
1665,2002,GMC,Envoy XL,OrangeRed,59125
1666,2000,Mitsubishi,Montero Sport,MediumSlateBlue,25601
1667,1992,Dodge,D250 Regular Cab,Cyan,27514
1668,2008,Chrysler,PT Cruiser,DarkGray,50383
1669,2017,Chevrolet,Silverado 1500 Crew Cab,DarkGreen,6641
1670,2016,Hyundai,Accent,MediumPurple,27914
1671,1998,Honda,CR-V,MediumSpringGreen,4867
1672,2017,Dodge,Journey,MidnightBlue,19990
1673,1997,Acura,NSX,Khaki,34721
1674,2020,Hyundai,Santa Fe,BlueViolet,47492
1675,2000,Chevrolet,Express 3500 Cargo,Snow,32752
1676,2006,Chevrolet,Avalanche 1500,LemonChiffon,9420
1677,1999,GMC,Envoy,Wheat,30383
1678,2007,Volvo,S80,FloralWhite,3143
1679,2009,Lexus,LS,Coral,59858
1680,1994,Oldsmobile,Cutlass Cruiser,Crimson,27868
1681,2015,Audi,allroad,LightBlue,14809
1682,2011,GMC,Sierra 2500 HD Extended Cab,FireBrick,13836
1683,2004,Volkswagen,Passat,Fuchsia,9184
1684,2019,FIAT,500e,GhostWhite,18033
1685,1996,Dodge,Ram 1500 Club Cab,Bisque,31235
1686,1997,Acura,TL,GhostWhite,37285
1687,2020,Kia,Forte,Gray,12677
1688,2004,Porsche,911,HotPink,43090
1689,1997,Ford,Ranger Super Cab,RoyalBlue,7257
1690,2011,Ford,F150 Super Cab,PowderBlue,37005
1691,2018,Lamborghini,Aventador,DimGray,13550
1692,2019,Ford,Transit 150 Van,DarkGray,34405
1693,2019,Jaguar,XE,IndianRed,1239
1694,2009,Ford,F250 Super Duty Crew Cab,Linen,14197
1695,2006,Ford,E250 Super Duty Cargo,Beige,37235
1696,1992,GMC,3500 Regular Cab,Gray,33418
1697,2009,Ford,Expedition EL,Silver,38291
1698,2010,Ford,F250 Super Duty Regular Cab,WhiteSmoke,1430
1699,2008,Audi,A6,Aqua,6952
1700,2014,Audi,RS 5,Wheat,47519
1701,2011,Ram,1500 Regular Cab,FloralWhite,26255
1702,2008,Acura,MDX,PaleGreen,6809
1703,1994,Chevrolet,Camaro,PaleGoldenRod,27922
1704,2017,Toyota,Tundra Double Cab,DarkKhaki,36258
1705,2008,Buick,Enclave,GhostWhite,26806
1706,2007,Volvo,S60,OliveDrab,47136
1707,2003,Subaru,Baja,Moccasin,23638
1708,1995,Acura,TL,Maroon,22326
1709,2019,Cadillac,XT5,Tomato,35926
1710,2011,GMC,Sierra 1500 Regular Cab,Cornsilk,4208
1711,2012,Audi,A4,DarkOrchid,46481
1712,2011,Kia,Optima,LightPink,49050
1713,2005,Nissan,Altima,PaleTurquoise,59299
1714,2012,Nissan,NV3500 HD Cargo,Brown,30052
1715,2018,Volkswagen,Jetta,Orange,51709
1716,2008,Saab,9-7X,OliveDrab,43166
1717,2009,Aston Martin,DB9,Brown,30560
1718,2012,Chevrolet,Tahoe,LightSalmon,22924
1719,1996,Plymouth,Grand Voyager,Purple,34006
1720,1993,GMC,Sonoma Club Coupe Cab,Thistle,37347
1721,2004,Porsche,Carrera GT,DarkCyan,3896
1722,2010,Chevrolet,Colorado Crew Cab,DarkGreen,39466
1723,2008,Mercedes-Benz,R-Class,LightSlateGray,11524
1724,1996,Chevrolet,G-Series G30,LavenderBlush,37995
1725,2018,Hyundai,Santa Fe Sport,GreenYellow,16816
1726,2019,Nissan,NV2500 HD Cargo,Red,44401
1727,2009,GMC,Savana 1500 Cargo,Linen,37549
1728,1992,Volvo,940,Yellow,24822
1729,2010,Subaru,Legacy,SlateGray,13809
1730,1996,Mitsubishi,Diamante,YellowGreen,21011
1731,2013,GMC,Acadia,Cornsilk,2027
1732,2020,Kia,Optima Plug-in Hybrid,LightSalmon,26678
1733,2018,Mercedes-Benz,Mercedes-AMG GLE Coupe,DodgerBlue,39023
1734,2013,Acura,ZDX,Tan,26261
1735,2011,Chevrolet,Suburban 1500,Blue,15981
1736,2010,Lexus,GX,DeepSkyBlue,4827
1737,2012,Chrysler,200,Aqua,45206
1738,2006,Saturn,Ion,MediumBlue,7358
1739,2008,Nissan,Frontier King Cab,DarkSalmon,13562
1740,2009,Dodge,Ram 3500 Regular Cab,SlateBlue,21382
1741,2002,Dodge,Stratus,Orchid,54841
1742,1999,Buick,Century,Beige,55364
1743,2007,Lexus,SC,RosyBrown,44959
1744,2007,GMC,Sierra (Classic) 1500 Regular Cab,MediumSeaGreen,12761
1745,2017,Chrysler,300,Peru,53205
1746,2013,Nissan,NV1500 Cargo,Bisque,19483
1747,2013,Ford,Transit Connect Cargo,Brown,39951
1748,2015,Chevrolet,Corvette,Gold,20127
1749,2007,Dodge,Ram 3500 Mega Cab,DarkKhaki,15576
1750,2016,Honda,Fit,Pink,8777
1751,2013,Lamborghini,Aventador,Black,58183
1752,2005,MAZDA,MX-5 Miata,Aquamarine,34177
1753,2014,BMW,7 Series,MediumSeaGreen,46136
1754,2009,GMC,Sierra 1500 Crew Cab,DarkGoldenRod,33503
1755,1995,GMC,1500 Club Coupe,Violet,30482
1756,2013,Nissan,Armada,HoneyDew,47459
1757,1995,Hyundai,Elantra,CornflowerBlue,13829
1758,2012,Volkswagen,Touareg,WhiteSmoke,57222
1759,2008,Ferrari,430 Scuderia,Gold,56085
1760,1993,Plymouth,Colt Vista,DeepSkyBlue,31751
1761,2011,Audi,S4,DeepPink,37637
1762,2004,Dodge,Stratus,Khaki,29291
1763,1993,Mercedes-Benz,500 SEC,DarkOrange,24047
1764,2011,Toyota,Camry,LightGoldenRodYellow,28033
1765,1999,Hyundai,Elantra,PaleGreen,23855
1766,2008,Dodge,Ram 3500 Mega Cab,White,5889
1767,2011,Mitsubishi,Outlander Sport,Silver,53639
1768,2013,Ford,Escape,LightPink,40705
1769,2011,Chevrolet,Colorado Crew Cab,PapayaWhip,13715
1770,2000,Dodge,Ram 1500 Regular Cab,Bisque,42999
1771,2012,Mercedes-Benz,CLS-Class,LavenderBlush,48843
1772,2016,Volvo,XC90,PapayaWhip,35138
1773,2016,Audi,S7,DarkOrange,26363
1774,2019,Chevrolet,Express 2500 Passenger,SandyBrown,1803
1775,1997,BMW,3 Series,WhiteSmoke,48670
1776,2020,Dodge,Charger,LightCyan,50641
1777,2012,Toyota,Sequoia,SpringGreen,31925
1778,2001,Kia,Spectra,SpringGreen,21580
1779,2020,Mitsubishi,Outlander,MediumPurple,44919
1780,1999,BMW,3 Series,Aquamarine,33599
1781,1996,BMW,7 Series,Magenta,55539
1782,2009,Aston Martin,DBS,DarkGoldenRod,4831
1783,2015,Lexus,LS,Sienna,12947
1784,2019,Mercedes-Benz,GLC,MediumVioletRed,7105
1785,2018,BMW,X5,Indigo,17331
1786,2005,Nissan,Quest,MistyRose,14839
1787,2005,Kia,Optima,DeepPink,42647
1788,1996,Land Rover,Range Rover,Salmon,55373
1789,2008,MAZDA,RX-8,SlateBlue,23707
1790,2008,Dodge,Ram 3500 Mega Cab,LightGray,29903
1791,2020,Toyota,Tacoma Double Cab,GoldenRod,49738
1792,2010,Toyota,RAV4,MediumSeaGreen,14743
1793,2014,Nissan,GT-R,Beige,18216
1794,2006,GMC,Canyon Extended Cab,Magenta,7913
1795,1998,Isuzu,Amigo,Chartreuse,5916
1796,2014,Nissan,Frontier Crew Cab,Chartreuse,28185
1797,2015,Ford,Expedition EL,Azure,30156
1798,2008,Mercedes-Benz,S-Class,LightBlue,45712
1799,2015,Lexus,NX,ForestGreen,1472
1800,2007,Nissan,Sentra,LightGreen,15000
1801,2017,BMW,M2,Lime,31190
1802,2013,Mercedes-Benz,GLK-Class,DarkCyan,33151
1803,2003,Dodge,Dakota Club Cab,YellowGreen,26971
1804,1997,Lexus,GS,LightSteelBlue,48391
1805,2015,Dodge,Charger,LightGreen,41614
1806,1999,Ford,Explorer,DarkOliveGreen,58571
1807,2017,Volvo,S60,MediumPurple,36940
1808,2003,Mitsubishi,Outlander,DodgerBlue,37300
1809,2004,Chevrolet,Colorado Regular Cab,Turquoise,29697
1810,2000,Dodge,Ram 2500 Regular Cab,PaleVioletRed,10161
1811,2014,Aston Martin,Vanquish,SpringGreen,53537
1812,2002,Mercury,Sable,DarkBlue,58501
1813,1994,Honda,Passport,MintCream,44696
1814,1997,Cadillac,Catera,SeaShell,10388
1815,2010,Pontiac,G3,Purple,54064
1816,1999,Buick,LeSabre,Ivory,52277
1817,2005,Chevrolet,Aveo,MediumSeaGreen,2456
1818,2006,Cadillac,CTS,DeepSkyBlue,27556
1819,2002,Chevrolet,Tracker,DarkOrchid,8668
1820,2007,Ford,F350 Super Duty Regular Cab,RosyBrown,30967
1821,2012,Volkswagen,GTI,WhiteSmoke,23898
1822,2004,Mitsubishi,Diamante,Cornsilk,9124
1823,2007,Maybach,57,PaleGreen,20094
1824,2004,Land Rover,Discovery,AliceBlue,32230
1825,2000,Nissan,Maxima,LightGray,7364
1826,1994,Pontiac,Sunbird,LightSeaGreen,44318
1827,2009,Toyota,Sienna,MediumOrchid,47254
1828,2016,Ford,Expedition,DeepSkyBlue,24514
1829,2018,BMW,X2,Maroon,1579
1830,1996,Chevrolet,Blazer,Chartreuse,5438
1831,2017,Mercedes-Benz,CLS,Fuchsia,42202
1832,2020,Porsche,Cayenne,SteelBlue,9415
1833,2016,Lexus,LX,MediumPurple,50679
1834,2019,Chevrolet,Trax,RoyalBlue,22628
1835,2000,Honda,Insight,DarkRed,56219
1836,2009,Land Rover,LR2,Brown,39960
1837,2019,Honda,Pilot,Olive,9660
1838,2007,Chevrolet,Silverado (Classic) 1500 Extended Cab,MediumSeaGreen,19222
1839,2006,Mitsubishi,Raider Extended Cab,DeepPink,9797
1840,2002,Toyota,Sienna,SlateBlue,45360
1841,2017,Lexus,RX,Chocolate,52240
1842,2006,Chevrolet,Colorado Extended Cab,Cyan,43415
1843,1992,Acura,Vigor,MediumPurple,50525
1844,2002,Mercedes-Benz,M-Class,Thistle,12897
1845,1998,MAZDA,626,RoyalBlue,45191
1846,1997,Chevrolet,Malibu,Magenta,52937
1847,1996,Toyota,Previa,DarkMagenta,29548
1848,2007,GMC,Savana 2500 Cargo,Tan,9045
1849,1996,Chevrolet,Sportvan G30,LightSeaGreen,44352
1850,1996,Lincoln,Continental,CornflowerBlue,25940
1851,2009,Chevrolet,Silverado 2500 HD Regular Cab,DarkSlateBlue,37969
1852,2000,Mercury,Villager,AliceBlue,10284
1853,2008,Chevrolet,Silverado 2500 HD Extended Cab,Coral,57853
1854,2019,Audi,S4,MintCream,5238
1855,2019,Volkswagen,Golf GTI,IndianRed,13321
1856,1994,Volvo,960,DeepPink,39670
1857,2019,INFINITI,QX50,Lavender,43385
1858,2008,Toyota,Prius,DodgerBlue,23170
1859,2010,Chevrolet,Silverado 2500 HD Extended Cab,Crimson,31348
1860,2017,Hyundai,Tucson,DimGray,38087
1861,2001,Mitsubishi,Montero,Lavender,32500
1862,2003,BMW,5 Series,OliveDrab,40370
1863,2018,Honda,Pilot,MediumAquaMarine,45500
1864,2010,Chevrolet,Corvette,Teal,11435
1865,2006,Chevrolet,Avalanche 1500,LightSteelBlue,21708
1866,1998,Ford,F150 Regular Cab,Orchid,41299
1867,2017,Freightliner,Sprinter 3500XD Cargo,DarkSlateGray,11695
1868,2007,Ford,Freestyle,DeepPink,15889
1869,2001,Toyota,Celica,OrangeRed,12761
1870,2008,MAZDA,MAZDA5,DarkOliveGreen,49960
1871,2010,BMW,3 Series,Aquamarine,22658
1872,2009,Pontiac,G3,LightGray,7478
1873,2012,Nissan,Sentra,LawnGreen,4906
1874,1998,GMC,Savana 3500 Cargo,DarkGray,32551
1875,2012,Chevrolet,Express 3500 Cargo,Crimson,54801
1876,2017,Buick,Cascada,SkyBlue,49754
1877,2004,Lexus,GX,DarkBlue,34307
1878,2014,smart,fortwo,DarkMagenta,52280
1879,2013,Lexus,LX,Olive,37099
1880,2012,Ford,F250 Super Duty Crew Cab,RosyBrown,56839
1881,2014,Lexus,GS,PaleGreen,21950
1882,2004,Volkswagen,GTI,GoldenRod,14075
1883,1998,Lexus,SC,DarkViolet,53158
1884,2000,Chevrolet,2500 HD Regular Cab,Orchid,37558
1885,1998,Oldsmobile,Silhouette,HotPink,59474
1886,1993,Ford,Escort,AliceBlue,45423
1887,2004,Ford,Ranger Super Cab,MediumVioletRed,58925
1888,2013,Ram,2500 Mega Cab,Gold,26861
1889,2011,Lotus,Evora,Maroon,28173
1890,1999,Toyota,4Runner,DodgerBlue,20173
1891,2015,Lexus,GS,FireBrick,35393
1892,2004,Dodge,Grand Caravan Cargo,Aquamarine,44003
1893,2003,Chrysler,Town & Country,SandyBrown,41064
1894,2004,Acura,TL,Turquoise,32786
1895,2013,Lincoln,MKT,CornflowerBlue,11246
1896,2007,Subaru,B9 Tribeca,LightGray,51505
1897,2008,Volvo,XC70,SaddleBrown,59756
1898,2010,Honda,CR-V,LightPink,58428
1899,2005,Nissan,Altima,Blue,40947
1900,2015,Hyundai,Santa Fe,LightGray,36159
1901,1998,Eagle,Talon,LimeGreen,54087
1902,2018,Hyundai,Santa Fe Sport,DarkSalmon,18323
1903,2006,Mercedes-Benz,SLK-Class,SaddleBrown,45716
1904,1999,Isuzu,Rodeo,GhostWhite,2768
1905,1993,Nissan,300ZX,FireBrick,26265
1906,2008,Kia,Optima,PaleGoldenRod,4246
1907,2015,Toyota,Avalon,Silver,45082
1908,2017,Ford,Explorer,LightGray,26604
1909,2010,Maserati,Quattroporte,Snow,58220
1910,2003,Chevrolet,Express 1500 Cargo,GreenYellow,42738
1911,1999,Nissan,Pathfinder,Gray,16130
1912,2013,MINI,Countryman,DarkSlateGray,44546
1913,2016,Chevrolet,Equinox,Lavender,58133
1914,2013,Ford,Focus ST,DimGray,33808
1915,2007,Acura,RDX,Gray,40957
1916,2009,Volkswagen,Tiguan,LightGray,26054
1917,1998,Cadillac,Seville,PowderBlue,31830
1918,2011,Volvo,S60,Gainsboro,39042
1919,2018,Nissan,Murano,DarkViolet,45853
1920,2003,Chevrolet,Silverado 2500 HD Extended Cab,Khaki,12932
1921,2017,Buick,LaCrosse,DarkMagenta,35861
1922,2012,BMW,5 Series,PaleGreen,59917
1923,2015,Toyota,Venza,AntiqueWhite,11214
1924,2012,GMC,Yukon XL 2500,SteelBlue,14074
1925,2006,GMC,Canyon Crew Cab,RosyBrown,49102
1926,1999,Ford,Econoline E150 Passenger,DarkCyan,55192
1927,1994,BMW,3 Series,Khaki,15193
1928,1996,Dodge,Viper,LightGoldenRodYellow,54172
1929,2002,Oldsmobile,Intrigue,DarkGray,12715
1930,1995,Mercury,Tracer,Beige,54249
1931,1996,Dodge,Ram 3500 Regular Cab,GhostWhite,21834
1932,2004,Ford,Thunderbird,PaleGoldenRod,4095
1933,2012,Mercedes-Benz,CLS-Class,DarkSlateBlue,36653
1934,1995,Toyota,Camry,Lavender,17781
1935,2011,Mitsubishi,Eclipse,MediumSeaGreen,44324
1936,2002,Ford,Econoline E150 Passenger,MintCream,20488
1937,1994,MAZDA,B-Series Cab Plus,PaleGreen,36455
1938,2020,Hyundai,NEXO,LawnGreen,16405
1939,2018,Chevrolet,Bolt EV,HoneyDew,17247
1940,1998,Isuzu,Oasis,Gray,15199
1941,2010,GMC,Savana 1500 Passenger,Navy,27007
1942,1994,GMC,Vandura 1500,DarkViolet,52036
1943,1995,INFINITI,J,OrangeRed,30800
1944,2009,Ferrari,430 Scuderia,LawnGreen,30855
1945,2005,Jeep,Liberty,Thistle,5391
1946,2017,Nissan,Pathfinder,Blue,49463
1947,2015,Rolls-Royce,Phantom,Gainsboro,17689
1948,2002,Acura,RSX,SaddleBrown,29791
1949,2012,Toyota,Tundra CrewMax,Bisque,34454
1950,2004,INFINITI,Q,Bisque,7183
1951,2008,Chevrolet,Colorado Crew Cab,SkyBlue,43084
1952,2000,Saab,03-Sep,Cyan,35438
1953,2010,BMW,7 Series,Chartreuse,48131
1954,2007,Mitsubishi,Eclipse,Gold,53224
1955,2014,Freightliner,Sprinter 2500 Cargo,LightBlue,30317
1956,2011,Ram,1500 Crew Cab,LightBlue,57946
1957,1992,GMC,1500 Regular Cab,Tomato,25025
1958,2018,Honda,HR-V,Orange,13760
1959,2011,Hyundai,Santa Fe,Brown,27122
1960,2020,Subaru,WRX,Linen,21468
1961,2014,Ford,C-MAX Hybrid,BurlyWood,54401
1962,2011,Aston Martin,DB9,MintCream,35409
1963,2012,MINI,Countryman,DarkRed,25325
1964,2002,Dodge,Ram Wagon 3500,Violet,23277
1965,2019,GMC,Sierra 2500 HD Double Cab,Maroon,55496
1966,2007,Hyundai,Veracruz,MediumSeaGreen,35526
1967,1993,BMW,5 Series,LightYellow,21042
1968,2007,BMW,6 Series,LightSalmon,51967
1969,1992,GMC,1500 Regular Cab,Green,25167
1970,2001,Lexus,GS,SlateGray,33050
1971,2013,Lamborghini,Aventador,LightCyan,21452
1972,2019,Volvo,XC40,BlueViolet,40096
1973,1995,Nissan,Sentra,Orange,48641
1974,2002,Chevrolet,Astro Cargo,Blue,44281
1975,2017,Mercedes-Benz,Sprinter 3500 XD Cargo,DeepPink,21649
1976,2019,INFINITI,QX50,Tan,29162
1977,2003,Honda,Pilot,Bisque,10065
1978,2003,Lexus,LS,LightSteelBlue,8179
1979,1997,MAZDA,Protege,DarkMagenta,2891
1980,2020,Toyota,Camry,Beige,43783
1981,2010,smart,fortwo,Silver,22408
1982,2019,Chevrolet,Silverado 3500 HD Crew Cab,DarkKhaki,11288
1983,1995,Saab,900,MediumSeaGreen,1280
1984,2002,Hyundai,Santa Fe,DarkOliveGreen,55058
1985,1999,Cadillac,Escalade,RosyBrown,5165
1986,2006,Chevrolet,Impala,Tomato,19853
1987,1993,Mercedes-Benz,300 SD,FloralWhite,44108
1988,2000,Chevrolet,2500 HD Extended Cab,GreenYellow,18863
1989,2019,Ford,F150 Super Cab,DarkCyan,20166
1990,2019,BMW,X3,Gray,19536
1991,2002,GMC,Sonoma Regular Cab,Gold,30056
1992,2019,Kia,Optima Hybrid,HoneyDew,13579
1993,2000,Ford,F150 Regular Cab,MintCream,39924
1994,2009,Bentley,Brooklands,MediumOrchid,32227
1995,2014,Hyundai,Tucson,BurlyWood,42929
1996,1999,Dodge,Ram 1500 Club Cab,DarkSalmon,44593
1997,2018,Chevrolet,Suburban 3500HD,SteelBlue,47446
1998,2012,Chrysler,300,Peru,29705
1999,2004,GMC,Sierra 2500 HD Crew Cab,FireBrick,20684
